<?xml version = '1.0' encoding = 'UTF-8'?>
<Entity class="oracle.dbtools.crest.model.design.logical.Entity" directorySegmentName="seg_0" id="596D8B50-6027-9FD6-753A-571F905BA9E7" name="CLIENTE">
<createdBy>lilianatapia</createdBy>
<createdTime>2024-09-01 02:09:20 UTC</createdTime>
<ownerDesignName>Exp2_S6_ Liliana_Tapia</ownerDesignName>
<engineerTo>
<item key="54B71BED-AC6B-3FF8-D05A-A7ED04C72170" value="true"/>
</engineerTo>
<adequatelyNormalized>NO</adequatelyNormalized>
<expectedVolumes>0</expectedVolumes>
<fwdEngineeringStrategyName>Single Table</fwdEngineeringStrategyName>
<growthPercent>0</growthPercent>
<growthType>Year</growthType>
<maxVolumes>9999999</maxVolumes>
<minVolumes>0</minVolumes>
<normalForm>Third</normalForm>
<attributes itemClass="oracle.dbtools.crest.model.design.logical.Attribute">
<Attribute name="id cliente" id="ADFCD395-FBA4-4B29-4E73-C5BBAA7B4B4B">
<createdBy>lilianatapia</createdBy>
<createdTime>2024-09-16 15:38:19 UTC</createdTime>
<ownerDesignName>Exp2_S6_ Liliana_Tapia</ownerDesignName>
<engineerTo>
<item key="54B71BED-AC6B-3FF8-D05A-A7ED04C72170" value="true"/>
</engineerTo>
<useDomainConstraints>false</useDomainConstraints>
<use>1</use>
<logicalDatatype>LOGDT011</logicalDatatype>
<ownDataTypeParameters>,,</ownDataTypeParameters>
</Attribute>
<Attribute name="rut" id="1CBD0602-F3EC-3132-66C9-A77E12A9D54B">
<createdBy>lilianatapia</createdBy>
<createdTime>2024-09-01 02:11:30 UTC</createdTime>
<ownerDesignName>Exp2_S6_ Liliana_Tapia</ownerDesignName>
<engineerTo>
<item key="54B71BED-AC6B-3FF8-D05A-A7ED04C72170" value="true"/>
</engineerTo>
<useDomainConstraints>false</useDomainConstraints>
<use>1</use>
<logicalDatatype>LOGDT024</logicalDatatype>
<dataTypeSize>15 BYTE</dataTypeSize>
<ownDataTypeParameters>15 BYTE,,</ownDataTypeParameters>
</Attribute>
<Attribute name="nombre" id="25AD4FA0-D3AD-B46D-9719-878C8906CE05">
<createdBy>lilianatapia</createdBy>
<createdTime>2024-09-01 02:14:11 UTC</createdTime>
<ownerDesignName>Exp2_S6_ Liliana_Tapia</ownerDesignName>
<engineerTo>
<item key="54B71BED-AC6B-3FF8-D05A-A7ED04C72170" value="true"/>
</engineerTo>
<useDomainConstraints>false</useDomainConstraints>
<use>1</use>
<logicalDatatype>LOGDT024</logicalDatatype>
<dataTypeSize>20 BYTE</dataTypeSize>
<ownDataTypeParameters>20 BYTE,,</ownDataTypeParameters>
</Attribute>
<Attribute name="apellido" id="BC7D53B1-EECD-DDDE-8BCA-B5713268FF5F">
<createdBy>lilianatapia</createdBy>
<createdTime>2024-09-01 02:14:28 UTC</createdTime>
<ownerDesignName>Exp2_S6_ Liliana_Tapia</ownerDesignName>
<engineerTo>
<item key="54B71BED-AC6B-3FF8-D05A-A7ED04C72170" value="true"/>
</engineerTo>
<useDomainConstraints>false</useDomainConstraints>
<use>1</use>
<logicalDatatype>LOGDT024</logicalDatatype>
<dataTypeSize>20 BYTE</dataTypeSize>
<ownDataTypeParameters>20 BYTE,,</ownDataTypeParameters>
</Attribute>
<Attribute name="telefono" id="BC4549FE-8C55-C1CD-A308-2181A163BEFD">
<createdBy>lilianatapia</createdBy>
<createdTime>2024-09-01 02:15:10 UTC</createdTime>
<ownerDesignName>Exp2_S6_ Liliana_Tapia</ownerDesignName>
<engineerTo>
<item key="54B71BED-AC6B-3FF8-D05A-A7ED04C72170" value="true"/>
</engineerTo>
<nullsAllowed>true</nullsAllowed>
<useDomainConstraints>false</useDomainConstraints>
<use>1</use>
<logicalDatatype>LOGDT024</logicalDatatype>
<dataTypeSize>10 BYTE</dataTypeSize>
<ownDataTypeParameters>10 BYTE,,</ownDataTypeParameters>
</Attribute>
<Attribute name="correo_electronico" id="22ECC396-71DD-FDF9-C152-15EEB35FACF3">
<createdBy>lilianatapia</createdBy>
<createdTime>2024-09-01 02:16:01 UTC</createdTime>
<ownerDesignName>Exp2_S6_ Liliana_Tapia</ownerDesignName>
<engineerTo>
<item key="54B71BED-AC6B-3FF8-D05A-A7ED04C72170" value="true"/>
</engineerTo>
<nullsAllowed>true</nullsAllowed>
<useDomainConstraints>false</useDomainConstraints>
<use>1</use>
<logicalDatatype>LOGDT024</logicalDatatype>
<dataTypeSize>30 BYTE</dataTypeSize>
<ownDataTypeParameters>30 BYTE,,</ownDataTypeParameters>
</Attribute>
</attributes>
<identifiers itemClass="oracle.dbtools.crest.model.design.logical.CandidateKey">
<identifier id="C218C5E0-B1B9-CF38-E89F-1187FD1BDAAD" name="CLIENTE PK">
<createdBy>lilianatapia</createdBy>
<createdTime>2024-09-01 02:11:26 UTC</createdTime>
<ownerDesignName>Exp2_S6_ Liliana_Tapia</ownerDesignName>
<engineerTo>
<item key="54B71BED-AC6B-3FF8-D05A-A7ED04C72170" value="true"/>
</engineerTo>
<pk>true</pk>
<usedAttributes>
<attributeRef>ADFCD395-FBA4-4B29-4E73-C5BBAA7B4B4B</attributeRef>
</usedAttributes>
</identifier>
</identifiers>
</Entity>