<?xml version = '1.0' encoding = 'UTF-8'?>
<Entity class="oracle.dbtools.crest.model.design.logical.Entity" directorySegmentName="seg_0" id="621BE4B1-D7B5-D748-E66F-BAFFBB75C3C4" name="VEHICULO">
<createdBy>lilianatapia</createdBy>
<createdTime>2024-09-01 02:09:39 UTC</createdTime>
<ownerDesignName>Exp2_S6_ Liliana_Tapia</ownerDesignName>
<engineerTo>
<item key="54B71BED-AC6B-3FF8-D05A-A7ED04C72170" value="true"/>
</engineerTo>
<adequatelyNormalized>NO</adequatelyNormalized>
<expectedVolumes>0</expectedVolumes>
<fwdEngineeringStrategyName>Single Table</fwdEngineeringStrategyName>
<growthPercent>0</growthPercent>
<growthType>Year</growthType>
<maxVolumes>9999999</maxVolumes>
<minVolumes>0</minVolumes>
<normalForm>Third</normalForm>
<attributes itemClass="oracle.dbtools.crest.model.design.logical.Attribute">
<Attribute name="id vehiculo" id="E271EA69-F12D-CDDB-1AA8-C1039309EC96">
<createdBy>lilianatapia</createdBy>
<createdTime>2024-09-16 15:41:12 UTC</createdTime>
<ownerDesignName>Exp2_S6_ Liliana_Tapia</ownerDesignName>
<engineerTo>
<item key="54B71BED-AC6B-3FF8-D05A-A7ED04C72170" value="true"/>
</engineerTo>
<useDomainConstraints>false</useDomainConstraints>
<use>1</use>
<logicalDatatype>LOGDT011</logicalDatatype>
<ownDataTypeParameters>,,</ownDataTypeParameters>
</Attribute>
<Attribute name="patente" id="DC07D1C1-843B-899D-E080-1891A276DEEA">
<createdBy>lilianatapia</createdBy>
<createdTime>2024-09-01 02:17:33 UTC</createdTime>
<ownerDesignName>Exp2_S6_ Liliana_Tapia</ownerDesignName>
<engineerTo>
<item key="54B71BED-AC6B-3FF8-D05A-A7ED04C72170" value="true"/>
</engineerTo>
<useDomainConstraints>false</useDomainConstraints>
<use>1</use>
<logicalDatatype>LOGDT024</logicalDatatype>
<dataTypeSize>10 BYTE</dataTypeSize>
<ownDataTypeParameters>10 BYTE,,</ownDataTypeParameters>
</Attribute>
<Attribute name="marca" id="EA3BD1CA-DFE7-7CC0-6BAF-BE5043621866">
<createdBy>lilianatapia</createdBy>
<createdTime>2024-09-01 02:19:57 UTC</createdTime>
<ownerDesignName>Exp2_S6_ Liliana_Tapia</ownerDesignName>
<engineerTo>
<item key="54B71BED-AC6B-3FF8-D05A-A7ED04C72170" value="true"/>
</engineerTo>
<useDomainConstraints>false</useDomainConstraints>
<use>1</use>
<logicalDatatype>LOGDT024</logicalDatatype>
<dataTypeSize>10 BYTE</dataTypeSize>
<ownDataTypeParameters>10 BYTE,,</ownDataTypeParameters>
</Attribute>
<Attribute name="modelo" id="A638C155-7E6E-4E18-E947-F04F425834DA">
<createdBy>lilianatapia</createdBy>
<createdTime>2024-09-01 02:20:10 UTC</createdTime>
<ownerDesignName>Exp2_S6_ Liliana_Tapia</ownerDesignName>
<engineerTo>
<item key="54B71BED-AC6B-3FF8-D05A-A7ED04C72170" value="true"/>
</engineerTo>
<useDomainConstraints>false</useDomainConstraints>
<use>1</use>
<logicalDatatype>LOGDT024</logicalDatatype>
<dataTypeSize>10 BYTE</dataTypeSize>
<ownDataTypeParameters>10 BYTE,,</ownDataTypeParameters>
</Attribute>
<Attribute name="anio" id="D06106B0-85E9-DD41-2744-64A4CF6BE942">
<createdBy>lilianatapia</createdBy>
<createdTime>2024-09-01 02:20:38 UTC</createdTime>
<ownerDesignName>Exp2_S6_ Liliana_Tapia</ownerDesignName>
<engineerTo>
<item key="54B71BED-AC6B-3FF8-D05A-A7ED04C72170" value="true"/>
</engineerTo>
<useDomainConstraints>false</useDomainConstraints>
<use>1</use>
<logicalDatatype>LOGDT011</logicalDatatype>
<ownDataTypeParameters>,,</ownDataTypeParameters>
</Attribute>
<Attribute name="color" id="0C6E748F-97C1-6A08-5974-087576083EE9">
<createdBy>lilianatapia</createdBy>
<createdTime>2024-09-01 02:21:29 UTC</createdTime>
<ownerDesignName>Exp2_S6_ Liliana_Tapia</ownerDesignName>
<engineerTo>
<item key="54B71BED-AC6B-3FF8-D05A-A7ED04C72170" value="true"/>
</engineerTo>
<useDomainConstraints>false</useDomainConstraints>
<use>1</use>
<logicalDatatype>LOGDT024</logicalDatatype>
<dataTypeSize>10 BYTE</dataTypeSize>
<ownDataTypeParameters>10 BYTE,,</ownDataTypeParameters>
</Attribute>
<Attribute name="id cliente" id="B4901AC0-FD45-05D3-66A8-1620ED9BBECC">
<createdBy>lilianatapia</createdBy>
<createdTime>2024-09-16 15:38:32 UTC</createdTime>
<generatorID>0EE4CD5C-A17F-B623-2F13-50B0E8F79CF6</generatorID>
<ownerDesignName>Exp2_S6_ Liliana_Tapia</ownerDesignName>
<engineerTo>
<item key="54B71BED-AC6B-3FF8-D05A-A7ED04C72170" value="true"/>
</engineerTo>
<referedAttribute>ADFCD395-FBA4-4B29-4E73-C5BBAA7B4B4B</referedAttribute>
<useDomainConstraints>false</useDomainConstraints>
<use>1</use>
<logicalDatatype>LOGDT011</logicalDatatype>
<ownDataTypeParameters>,,</ownDataTypeParameters>
</Attribute>
</attributes>
<identifiers itemClass="oracle.dbtools.crest.model.design.logical.CandidateKey">
<identifier id="F814619B-DF02-B86E-A7BF-7D3BB68E141F" name="VEHICULO PK">
<createdBy>lilianatapia</createdBy>
<createdTime>2024-09-01 02:17:29 UTC</createdTime>
<ownerDesignName>Exp2_S6_ Liliana_Tapia</ownerDesignName>
<engineerTo>
<item key="54B71BED-AC6B-3FF8-D05A-A7ED04C72170" value="true"/>
</engineerTo>
<pk>true</pk>
<usedAttributes>
<attributeRef>E271EA69-F12D-CDDB-1AA8-C1039309EC96</attributeRef>
<attributeRef>B4901AC0-FD45-05D3-66A8-1620ED9BBECC</attributeRef>
</usedAttributes>
</identifier>
</identifiers>
</Entity>