<?xml version = '1.0' encoding = 'UTF-8'?>
<Entity class="oracle.dbtools.crest.model.design.logical.Entity" directorySegmentName="seg_0" id="8D8F98B3-A447-8CDF-5CD4-18A3835C91E7" name="ORDEN_ATENCION">
<createdBy>lilianatapia</createdBy>
<createdTime>2024-09-01 02:09:52 UTC</createdTime>
<ownerDesignName>Exp2_S6_ Liliana_Tapia</ownerDesignName>
<engineerTo>
<item key="54B71BED-AC6B-3FF8-D05A-A7ED04C72170" value="true"/>
</engineerTo>
<adequatelyNormalized>NO</adequatelyNormalized>
<expectedVolumes>0</expectedVolumes>
<fwdEngineeringStrategyName>Single Table</fwdEngineeringStrategyName>
<growthPercent>0</growthPercent>
<growthType>Year</growthType>
<maxVolumes>9999999</maxVolumes>
<minVolumes>0</minVolumes>
<normalForm>Third</normalForm>
<attributes itemClass="oracle.dbtools.crest.model.design.logical.Attribute">
<Attribute name="id_orden" id="7F2EF867-D6B9-1148-9098-53810D3C0D9E">
<createdBy>lilianatapia</createdBy>
<createdTime>2024-09-01 02:22:56 UTC</createdTime>
<ownerDesignName>Exp2_S6_ Liliana_Tapia</ownerDesignName>
<engineerTo>
<item key="54B71BED-AC6B-3FF8-D05A-A7ED04C72170" value="true"/>
</engineerTo>
<useDomainConstraints>false</useDomainConstraints>
<use>1</use>
<logicalDatatype>LOGDT019</logicalDatatype>
<dataTypePrecision>40</dataTypePrecision>
<dataTypeScale>6</dataTypeScale>
<ownDataTypeParameters>,40,6</ownDataTypeParameters>
</Attribute>
<Attribute name="fecha_creacion" id="76B42E93-6EFB-8D82-8AA5-E6A3FBB18F62">
<createdBy>lilianatapia</createdBy>
<createdTime>2024-09-01 02:22:22 UTC</createdTime>
<ownerDesignName>Exp2_S6_ Liliana_Tapia</ownerDesignName>
<engineerTo>
<item key="54B71BED-AC6B-3FF8-D05A-A7ED04C72170" value="true"/>
</engineerTo>
<useDomainConstraints>false</useDomainConstraints>
<use>1</use>
<logicalDatatype>LOGDT007</logicalDatatype>
<ownDataTypeParameters>,,</ownDataTypeParameters>
</Attribute>
<Attribute name="tipo_servicio" id="0B27356C-678E-91CA-61D8-39C30B9BAB84">
<createdBy>lilianatapia</createdBy>
<createdTime>2024-09-01 02:23:27 UTC</createdTime>
<ownerDesignName>Exp2_S6_ Liliana_Tapia</ownerDesignName>
<engineerTo>
<item key="54B71BED-AC6B-3FF8-D05A-A7ED04C72170" value="true"/>
</engineerTo>
<useDomainConstraints>false</useDomainConstraints>
<use>1</use>
<logicalDatatype>LOGDT024</logicalDatatype>
<dataTypeSize>25 BYTE</dataTypeSize>
<ownDataTypeParameters>25 BYTE,,</ownDataTypeParameters>
</Attribute>
<Attribute name="estado" id="D5164869-83B9-AEF1-D515-E467F7D3A107">
<createdBy>lilianatapia</createdBy>
<createdTime>2024-09-01 02:23:54 UTC</createdTime>
<ownerDesignName>Exp2_S6_ Liliana_Tapia</ownerDesignName>
<engineerTo>
<item key="54B71BED-AC6B-3FF8-D05A-A7ED04C72170" value="true"/>
</engineerTo>
<useDomainConstraints>false</useDomainConstraints>
<use>1</use>
<logicalDatatype>LOGDT024</logicalDatatype>
<dataTypeSize>10 BYTE</dataTypeSize>
<ownDataTypeParameters>10 BYTE,,</ownDataTypeParameters>
</Attribute>
<Attribute name="id cliente" id="9CBE2EBD-DAA1-F4B3-A61E-32EB7AAD2635">
<createdBy>lilianatapia</createdBy>
<createdTime>2024-09-16 15:38:32 UTC</createdTime>
<generatorID>5A4E89C6-E753-C1FB-63B3-C6EA635A040A</generatorID>
<ownerDesignName>Exp2_S6_ Liliana_Tapia</ownerDesignName>
<engineerTo>
<item key="54B71BED-AC6B-3FF8-D05A-A7ED04C72170" value="true"/>
</engineerTo>
<referedAttribute>ADFCD395-FBA4-4B29-4E73-C5BBAA7B4B4B</referedAttribute>
<useDomainConstraints>false</useDomainConstraints>
<use>1</use>
<logicalDatatype>LOGDT011</logicalDatatype>
<ownDataTypeParameters>,,</ownDataTypeParameters>
</Attribute>
</attributes>
<identifiers itemClass="oracle.dbtools.crest.model.design.logical.CandidateKey">
<identifier id="7AC1EBC0-34D5-89B9-871E-94084D8CA278" name="ORDEN DE ATENCION PK">
<createdBy>lilianatapia</createdBy>
<createdTime>2024-09-01 02:23:21 UTC</createdTime>
<ownerDesignName>Exp2_S6_ Liliana_Tapia</ownerDesignName>
<engineerTo>
<item key="54B71BED-AC6B-3FF8-D05A-A7ED04C72170" value="true"/>
</engineerTo>
<pk>true</pk>
<usedAttributes>
<attributeRef>7F2EF867-D6B9-1148-9098-53810D3C0D9E</attributeRef>
<attributeRef>9CBE2EBD-DAA1-F4B3-A61E-32EB7AAD2635</attributeRef>
</usedAttributes>
</identifier>
</identifiers>
</Entity>