<?xml version = '1.0' encoding = 'UTF-8'?>
<Entity class="oracle.dbtools.crest.model.design.logical.Entity" directorySegmentName="seg_0" id="C5662992-1D81-F3F2-51F5-CD8571A5CF96" name="DOMICILIO">
<createdBy>lilianatapia</createdBy>
<createdTime>2024-09-16 23:37:47 UTC</createdTime>
<ownerDesignName>Exp2_S6_ Liliana_Tapia</ownerDesignName>
<adequatelyNormalized>NO</adequatelyNormalized>
<expectedVolumes>0</expectedVolumes>
<fwdEngineeringStrategyName>Single Table</fwdEngineeringStrategyName>
<growthPercent>0</growthPercent>
<growthType>Year</growthType>
<hierarchicalParent>596D8B50-6027-9FD6-753A-571F905BA9E7</hierarchicalParent>
<maxVolumes>9999999</maxVolumes>
<minVolumes>0</minVolumes>
<normalForm>Third</normalForm>
<attributes itemClass="oracle.dbtools.crest.model.design.logical.Attribute">
<Attribute name="id_domicilio" id="C26113CD-075D-BB53-1BE6-C0D1E4DDEEFE">
<createdBy>lilianatapia</createdBy>
<createdTime>2024-09-16 23:37:56 UTC</createdTime>
<ownerDesignName>Exp2_S6_ Liliana_Tapia</ownerDesignName>
<useDomainConstraints>false</useDomainConstraints>
<use>1</use>
<logicalDatatype>LOGDT011</logicalDatatype>
<ownDataTypeParameters>,,</ownDataTypeParameters>
</Attribute>
<Attribute name="direccion" id="19A992C0-5F41-9FAE-F621-B139F4AE0D90">
<createdBy>lilianatapia</createdBy>
<createdTime>2024-09-16 23:38:13 UTC</createdTime>
<ownerDesignName>Exp2_S6_ Liliana_Tapia</ownerDesignName>
<useDomainConstraints>false</useDomainConstraints>
<use>1</use>
<logicalDatatype>LOGDT024</logicalDatatype>
<dataTypeSize>30 BYTE</dataTypeSize>
<ownDataTypeParameters>30 BYTE,,</ownDataTypeParameters>
</Attribute>
<Attribute name="comuna" id="ED605EB8-4DAF-E4D1-A5A8-22D813A9933D">
<createdBy>lilianatapia</createdBy>
<createdTime>2024-09-16 23:38:45 UTC</createdTime>
<ownerDesignName>Exp2_S6_ Liliana_Tapia</ownerDesignName>
<useDomainConstraints>false</useDomainConstraints>
<use>1</use>
<logicalDatatype>LOGDT024</logicalDatatype>
<dataTypeSize>20</dataTypeSize>
<ownDataTypeParameters>20,,</ownDataTypeParameters>
</Attribute>
<Attribute name="region" id="D0A8EAB8-8948-B16B-CE49-915532EAF61D">
<createdBy>lilianatapia</createdBy>
<createdTime>2024-09-16 23:40:08 UTC</createdTime>
<ownerDesignName>Exp2_S6_ Liliana_Tapia</ownerDesignName>
<useDomainConstraints>false</useDomainConstraints>
<use>1</use>
<logicalDatatype>LOGDT024</logicalDatatype>
<dataTypeSize>20 BYTE</dataTypeSize>
<ownDataTypeParameters>20 BYTE,,</ownDataTypeParameters>
</Attribute>
</attributes>
<identifiers itemClass="oracle.dbtools.crest.model.design.logical.CandidateKey">
<identifier id="BB05D965-4EB1-4DBC-CA65-1EF3E311C729" name="DOMICILIO PK">
<createdBy>lilianatapia</createdBy>
<createdTime>2024-09-16 23:38:11 UTC</createdTime>
<ownerDesignName>Exp2_S6_ Liliana_Tapia</ownerDesignName>
<pk>true</pk>
<usedAttributes>
<attributeRef>C26113CD-075D-BB53-1BE6-C0D1E4DDEEFE</attributeRef>
</usedAttributes>
</identifier>
</identifiers>
</Entity>