<?xml version = '1.0' encoding = 'UTF-8'?>
<Diagram class="oracle.dbtools.crest.swingui.relational.DPVRelational" name="Relational_1" id="91C46F54-4598-DB3F-9754-717E7C273B42">
<createdBy>lilianatapia</createdBy>
<modifiedBy>lilianatapia</modifiedBy>
<createdTime>2024-09-16 20:40:30 UTC</createdTime>
<autoRoute>false</autoRoute>
<boxInbox>true</boxInbox>
<showLegend>false</showLegend>
<showLabels>false</showLabels>
<showRelAttributes>false</showRelAttributes>
<gridEnabled>false</gridEnabled>
<showGrid>false</showGrid>
<diagramColor>-1</diagramColor>
<display>false</display>
<notation>1</notation>
<objectViews>
<OView class="oracle.dbtools.crest.swingui.relational.TVTable" oid="52F201BC-3DD5-C708-169B-CC04ECDADE65" otype="Table" vid="311FC7F0-349A-2FD7-03B7-7A2E9CF6F86F">
<hideElementsInCurrentOnly>false</hideElementsInCurrentOnly>
<bounds x="1499" y="74" width="230" height="146"/>
</OView>
<OView class="oracle.dbtools.crest.swingui.relational.TVTable" oid="568A07A5-901B-8C34-5975-CBE131E17AE5" otype="Table" vid="C63317F7-5ED4-C1F2-C1D9-C7FA07C96C1A">
<hideElementsInCurrentOnly>false</hideElementsInCurrentOnly>
<bounds x="560" y="376" width="298" height="131"/>
</OView>
<OView class="oracle.dbtools.crest.swingui.relational.TVTable" oid="776470A7-9A54-ECC9-002C-78ED941E677D" otype="Table" vid="754F5804-3CC4-4FB7-AE50-1B383F6206B2">
<hideElementsInCurrentOnly>false</hideElementsInCurrentOnly>
<bounds x="76" y="330" width="326" height="189"/>
</OView>
<OView class="oracle.dbtools.crest.swingui.relational.TVTable" oid="834C27E7-FDEC-4168-AA3F-0263FED8591C" otype="Table" vid="04B9B1A5-9814-989F-8426-CD4A27EE864C">
<hideElementsInCurrentOnly>false</hideElementsInCurrentOnly>
<bounds x="679" y="71" width="185" height="148"/>
</OView>
<OView class="oracle.dbtools.crest.swingui.relational.TVTable" oid="95FE2EBF-1ECB-D8E1-5A92-16C3D60D9AEA" otype="Table" vid="B7D42E54-F89E-5FF4-7D1B-00156B333ED1">
<hideElementsInCurrentOnly>false</hideElementsInCurrentOnly>
<bounds x="28" y="32" width="373" height="194"/>
</OView>
<OView class="oracle.dbtools.crest.swingui.relational.TVTable" oid="D61497A6-D021-C3D0-19F2-9D00A65C91CE" otype="Table" vid="E356D19F-3EDB-A297-B51E-59BA9EA75CD1">
<hideElementsInCurrentOnly>false</hideElementsInCurrentOnly>
<bounds x="1048" y="106" width="251" height="139"/>
</OView>
<OView class="oracle.dbtools.crest.swingui.relational.TVTable" oid="DCB8B93F-239D-5331-6C5A-5EF2A9920A96" otype="Table" vid="205B877F-217F-A3FE-D023-2D90EB80D6D4">
<hideElementsInCurrentOnly>false</hideElementsInCurrentOnly>
<bounds x="584" y="522" width="285" height="140"/>
</OView>
<OView class="oracle.dbtools.crest.swingui.relational.TVTable" oid="FA061C4E-EF09-8EA4-485F-4D51E195C3DA" otype="Table" vid="6A591B33-A84B-6D39-726E-ED1645C63A4E">
<hideElementsInCurrentOnly>false</hideElementsInCurrentOnly>
<bounds x="1075" y="387" width="244" height="180"/>
</OView>
</objectViews>
<connectors>
<Connector class="oracle.dbtools.crest.swingui.relational.TVFKRelation" oid="241DA26E-BF7C-7537-9BD9-BF4219963023" otype="FKIndexAssociation" vid_source="754F5804-3CC4-4FB7-AE50-1B383F6206B2" vid_target="205B877F-217F-A3FE-D023-2D90EB80D6D4">
<hideElementsInCurrentOnly>false</hideElementsInCurrentOnly>
<backgroundColor>-16777216</backgroundColor>
<lineWidth>1</lineWidth>
<points>
<point x="402" y="480"/>
<point x="584" y="543"/>
</points>
</Connector>
<Connector class="oracle.dbtools.crest.swingui.relational.TVFKRelation" oid="2EF780D6-AF78-11A8-1F64-6B005E510464" otype="FKIndexAssociation" vid_source="B7D42E54-F89E-5FF4-7D1B-00156B333ED1" vid_target="754F5804-3CC4-4FB7-AE50-1B383F6206B2">
<hideElementsInCurrentOnly>false</hideElementsInCurrentOnly>
<backgroundColor>-16777216</backgroundColor>
<lineWidth>1</lineWidth>
<points>
<point x="253" y="226"/>
<point x="253" y="330"/>
</points>
</Connector>
<Connector class="oracle.dbtools.crest.swingui.relational.TVFKRelation" oid="577AE069-567D-36AD-5E6B-812E5D29736F" otype="FKIndexAssociation" vid_source="6A591B33-A84B-6D39-726E-ED1645C63A4E" vid_target="E356D19F-3EDB-A297-B51E-59BA9EA75CD1">
<hideElementsInCurrentOnly>false</hideElementsInCurrentOnly>
<backgroundColor>-16777216</backgroundColor>
<lineWidth>1</lineWidth>
<points>
<point x="1187" y="387"/>
<point x="1187" y="245"/>
</points>
</Connector>
<Connector class="oracle.dbtools.crest.swingui.relational.TVFKRelation" oid="7FF2ED4A-D205-7627-B889-D6AA782D6F22" otype="FKIndexAssociation" vid_source="04B9B1A5-9814-989F-8426-CD4A27EE864C" vid_target="E356D19F-3EDB-A297-B51E-59BA9EA75CD1">
<hideElementsInCurrentOnly>false</hideElementsInCurrentOnly>
<backgroundColor>-16777216</backgroundColor>
<lineWidth>1</lineWidth>
<points>
<point x="864" y="162"/>
<point x="1048" y="162"/>
</points>
</Connector>
<Connector class="oracle.dbtools.crest.swingui.relational.TVFKRelation" oid="8A3BAA6C-BC6F-EFC7-F6D9-288AB189EE5E" otype="FKIndexAssociation" vid_source="754F5804-3CC4-4FB7-AE50-1B383F6206B2" vid_target="C63317F7-5ED4-C1F2-C1D9-C7FA07C96C1A">
<hideElementsInCurrentOnly>false</hideElementsInCurrentOnly>
<backgroundColor>-16777216</backgroundColor>
<lineWidth>1</lineWidth>
<points>
<point x="402" y="441"/>
<point x="560" y="441"/>
</points>
</Connector>
<Connector class="oracle.dbtools.crest.swingui.relational.TVFKRelation" oid="A600D03D-85D0-1FB9-CCA1-075A8812F773" otype="FKIndexAssociation" vid_source="311FC7F0-349A-2FD7-03B7-7A2E9CF6F86F" vid_target="E356D19F-3EDB-A297-B51E-59BA9EA75CD1">
<hideElementsInCurrentOnly>false</hideElementsInCurrentOnly>
<backgroundColor>-16777216</backgroundColor>
<lineWidth>1</lineWidth>
<points>
<point x="1499" y="163"/>
<point x="1299" y="163"/>
</points>
</Connector>
<Connector class="oracle.dbtools.crest.swingui.relational.TVFKRelation" oid="E4A10B2D-1023-35E3-905C-CC0D0F63D924" otype="FKIndexAssociation" vid_source="754F5804-3CC4-4FB7-AE50-1B383F6206B2" vid_target="04B9B1A5-9814-989F-8426-CD4A27EE864C">
<hideElementsInCurrentOnly>false</hideElementsInCurrentOnly>
<backgroundColor>-16777216</backgroundColor>
<lineWidth>1</lineWidth>
<points>
<point x="402" y="338"/>
<point x="679" y="178"/>
</points>
</Connector>
<Connector class="oracle.dbtools.crest.swingui.relational.TVFKRelation" oid="EB136D94-55D4-163C-0D79-3B22E9E280B8" otype="FKIndexAssociation" vid_source="B7D42E54-F89E-5FF4-7D1B-00156B333ED1" vid_target="04B9B1A5-9814-989F-8426-CD4A27EE864C">
<hideElementsInCurrentOnly>false</hideElementsInCurrentOnly>
<backgroundColor>-16777216</backgroundColor>
<lineWidth>1</lineWidth>
<points>
<point x="401" y="145"/>
<point x="679" y="145"/>
</points>
</Connector>
</connectors>
<arcs>
<Arc class="oracle.dbtools.crest.swingui.relational.TVFKArc" oid="6D51F448-BF04-30B4-D6AA-6652AB2ECB88" otype="FKArc" vid="5300C559-115E-80DF-D82B-F84A898CAF22">
<hideElementsInCurrentOnly>false</hideElementsInCurrentOnly>
<bounds x="56" y="310" width="366" height="229"/>
</Arc>
</arcs>
</Diagram>