<?xml version = '1.0' encoding = 'UTF-8'?>
<Relation class="oracle.dbtools.crest.model.design.logical.Relation" name="Relation_2" directorySegmentName="seg_0" id="0EE4CD5C-A17F-B623-2F13-50B0E8F79CF6">
<createdBy>lilianatapia</createdBy>
<createdTime>2024-09-01 04:15:57 UTC</createdTime>
<ownerDesignName>Exp2_S6_ Liliana_Tapia</ownerDesignName>
<engineerTo>
<item key="54B71BED-AC6B-3FF8-D05A-A7ED04C72170" value="true"/>
</engineerTo>
<targetTransferable>false</targetTransferable>
<sourcePk>C218C5E0-B1B9-CF38-E89F-1187FD1BDAAD</sourcePk>
<identifying>true</identifying>
<optionalSource>true</optionalSource>
<optionalTarget>false</optionalTarget>
<sourceCardinality>1</sourceCardinality>
<sourceEntity>596D8B50-6027-9FD6-753A-571F905BA9E7</sourceEntity>
<targetCardinalityString>*</targetCardinalityString>
<targetEntity>621BE4B1-D7B5-D748-E66F-BAFFBB75C3C4</targetEntity>
<transferable>true</transferable>
<deleteRule>NO ACTION</deleteRule>
</Relation>