<?xml version = '1.0' encoding = 'UTF-8'?>
<Relation class="oracle.dbtools.crest.model.design.logical.Relation" name="Relation_6" directorySegmentName="seg_0" id="67A8E092-4C1E-48A4-6D99-9713B52C646A">
<createdBy>lilianatapia</createdBy>
<createdTime>2024-09-01 04:22:43 UTC</createdTime>
<ownerDesignName>Exp2_S6_ Liliana_Tapia</ownerDesignName>
<engineerTo>
<item key="7734DF30-025B-E315-4DA4-20EA18B6E193" value="true"/>
</engineerTo>
<sourcePk>557B7C08-DBDC-5EDC-E047-9D523FE5BCDB</sourcePk>
<targetPk>F969408E-8C9F-5CD5-7BD7-5B16C4EE1178</targetPk>
<identifying>false</identifying>
<optionalSource>false</optionalSource>
<optionalTarget>false</optionalTarget>
<sourceCardinality>1</sourceCardinality>
<sourceEntity>721456E0-3604-7421-C90E-2FDCC1B1DDE8</sourceEntity>
<targetCardinalityString>*</targetCardinalityString>
<targetEntity>93B50FFC-33CF-AD76-04BE-36E6735B8926</targetEntity>
<transferable>true</transferable>
<deleteRule>NO ACTION</deleteRule>
</Relation>