<?xml version = '1.0' encoding = 'UTF-8'?>
<Table class="oracle.dbtools.crest.model.design.relational.Table" directorySegmentName="seg_0" id="269828D6-EFD7-CFF6-6853-EA42F82219B4" name="REPUESTO">
<createdBy>lilianatapia</createdBy>
<createdTime>2024-09-17 00:04:57 UTC</createdTime>
<generatorID>53608D09-8C68-D28E-AFB0-7F12995C53F3</generatorID>
<ownerDesignName>Exp2_S6_ Liliana_Tapia</ownerDesignName>
<allowColumnReorder>false</allowColumnReorder>
<existDependencyGenerateInDDl>true</existDependencyGenerateInDDl>
<parsed>true</parsed>
<columns itemClass="oracle.dbtools.crest.model.design.relational.Column">
<Column name="id_repuesto" id="486B62F8-D3CC-320F-25E0-2A7BC29DE46F">
<createdBy>lilianatapia</createdBy>
<createdTime>2024-09-17 00:04:57 UTC</createdTime>
<generatorID>D28C1223-BB37-5945-A912-602C527F374F</generatorID>
<ownerDesignName>Exp2_S6_ Liliana_Tapia</ownerDesignName>
<useDomainConstraints>false</useDomainConstraints>
<use>1</use>
<logicalDatatype>LOGDT011</logicalDatatype>
<ownDataTypeParameters>,,</ownDataTypeParameters>
<autoIncrementCycle>false</autoIncrementCycle>
</Column>
<Column name="nombre_repuesto" id="BB14BA1D-C73F-ABEA-4B37-470101F58AB9">
<createdBy>lilianatapia</createdBy>
<createdTime>2024-09-17 00:04:57 UTC</createdTime>
<generatorID>22FA8612-F655-F241-9331-1A2B106C49F4</generatorID>
<ownerDesignName>Exp2_S6_ Liliana_Tapia</ownerDesignName>
<useDomainConstraints>false</useDomainConstraints>
<use>1</use>
<logicalDatatype>LOGDT024</logicalDatatype>
<dataTypeSize>20 BYTE</dataTypeSize>
<ownDataTypeParameters>20 BYTE,,</ownDataTypeParameters>
<autoIncrementCycle>false</autoIncrementCycle>
</Column>
<Column name="marca_repuesto" id="32870F43-EB05-5BDE-D963-6DFFADC5BC41">
<createdBy>lilianatapia</createdBy>
<createdTime>2024-09-17 00:04:57 UTC</createdTime>
<generatorID>4C54AAF3-D57E-6752-848E-EA81A7A04377</generatorID>
<ownerDesignName>Exp2_S6_ Liliana_Tapia</ownerDesignName>
<nullsAllowed>true</nullsAllowed>
<useDomainConstraints>false</useDomainConstraints>
<use>1</use>
<logicalDatatype>LOGDT024</logicalDatatype>
<dataTypeSize>10 BYTE</dataTypeSize>
<ownDataTypeParameters>10 BYTE,,</ownDataTypeParameters>
<autoIncrementCycle>false</autoIncrementCycle>
</Column>
<Column name="modelo_compatible" id="80504772-65F7-91A7-CFF5-3423BE30DF01">
<createdBy>lilianatapia</createdBy>
<createdTime>2024-09-17 00:04:57 UTC</createdTime>
<generatorID>E1B4EC8F-F7C5-41F4-4E5B-A7CF34F95A51</generatorID>
<ownerDesignName>Exp2_S6_ Liliana_Tapia</ownerDesignName>
<nullsAllowed>true</nullsAllowed>
<useDomainConstraints>false</useDomainConstraints>
<use>1</use>
<logicalDatatype>LOGDT024</logicalDatatype>
<dataTypeSize>10 BYTE</dataTypeSize>
<ownDataTypeParameters>10 BYTE,,</ownDataTypeParameters>
<autoIncrementCycle>false</autoIncrementCycle>
</Column>
<Column name="cantidad_inventario" id="0EE02C15-AE95-1D10-906F-C536FFB8E0CC">
<createdBy>lilianatapia</createdBy>
<createdTime>2024-09-17 00:04:57 UTC</createdTime>
<generatorID>32576142-59B5-3DA3-AC2A-F94ECC29946F</generatorID>
<ownerDesignName>Exp2_S6_ Liliana_Tapia</ownerDesignName>
<nullsAllowed>true</nullsAllowed>
<useDomainConstraints>false</useDomainConstraints>
<use>1</use>
<logicalDatatype>LOGDT011</logicalDatatype>
<ownDataTypeParameters>,,</ownDataTypeParameters>
<autoIncrementCycle>false</autoIncrementCycle>
</Column>
<Column name="precio_unitario" id="D76E9677-4357-1DB7-07DC-2FF3061670B9">
<createdBy>lilianatapia</createdBy>
<createdTime>2024-09-17 00:04:57 UTC</createdTime>
<generatorID>EB705B43-75AE-5CE5-890F-00A53F0FF2F0</generatorID>
<ownerDesignName>Exp2_S6_ Liliana_Tapia</ownerDesignName>
<useDomainConstraints>false</useDomainConstraints>
<use>1</use>
<logicalDatatype>LOGDT019</logicalDatatype>
<dataTypePrecision>10</dataTypePrecision>
<dataTypeScale>5</dataTypeScale>
<ownDataTypeParameters>,10,5</ownDataTypeParameters>
<autoIncrementCycle>false</autoIncrementCycle>
</Column>
</columns>
<indexes itemClass="oracle.dbtools.crest.model.design.relational.Index">
<ind_PK_UK id="7940B1D7-0C6D-B527-12AC-B0FA933F7EA6" name="REPUESTO_PK">
<createdBy>lilianatapia</createdBy>
<createdTime>2024-09-17 00:04:57 UTC</createdTime>
<generatorID>E79177AB-96E5-763A-1741-CCF79BAFA2B1</generatorID>
<ownerDesignName>Exp2_S6_ Liliana_Tapia</ownerDesignName>
<pk>true</pk>
<indexState>Primary Constraint</indexState>
<isSurrogateKey>false</isSurrogateKey>
<indexColumnUsage>
<colUsage columnID="486B62F8-D3CC-320F-25E0-2A7BC29DE46F"/>
</indexColumnUsage>
</ind_PK_UK>
</indexes>
</Table>