<?xml version = '1.0' encoding = 'UTF-8'?>
<Table class="oracle.dbtools.crest.model.design.relational.Table" directorySegmentName="seg_0" id="88849291-A703-84F7-5D3B-BEE04BCA8F89" name="DETALLE_ORDEN">
<createdBy>lilianatapia</createdBy>
<createdTime>2024-09-17 00:04:57 UTC</createdTime>
<generatorID>93B50FFC-33CF-AD76-04BE-36E6735B8926</generatorID>
<ownerDesignName>Exp2_S6_ Liliana_Tapia</ownerDesignName>
<allowColumnReorder>false</allowColumnReorder>
<existDependencyGenerateInDDl>true</existDependencyGenerateInDDl>
<parsed>true</parsed>
<columns itemClass="oracle.dbtools.crest.model.design.relational.Column">
<Column name="id_detalle" id="12CEFDC8-CA78-7DB2-FA5F-0AF14582D834">
<createdBy>lilianatapia</createdBy>
<createdTime>2024-09-17 00:04:57 UTC</createdTime>
<generatorID>5DC477A3-896D-6FC4-D8C6-23FED23256E3</generatorID>
<ownerDesignName>Exp2_S6_ Liliana_Tapia</ownerDesignName>
<useDomainConstraints>false</useDomainConstraints>
<use>1</use>
<logicalDatatype>LOGDT011</logicalDatatype>
<ownDataTypeParameters>,,</ownDataTypeParameters>
<autoIncrementCycle>false</autoIncrementCycle>
</Column>
<Column name="cantidad_repuestos" id="93A9E428-EB9A-7A43-3034-C0190B5C73E7">
<createdBy>lilianatapia</createdBy>
<createdTime>2024-09-17 00:04:57 UTC</createdTime>
<generatorID>A5489D04-EA15-7220-1747-AAB964412EF2</generatorID>
<ownerDesignName>Exp2_S6_ Liliana_Tapia</ownerDesignName>
<nullsAllowed>true</nullsAllowed>
<useDomainConstraints>false</useDomainConstraints>
<use>1</use>
<logicalDatatype>LOGDT011</logicalDatatype>
<ownDataTypeParameters>,,</ownDataTypeParameters>
<autoIncrementCycle>false</autoIncrementCycle>
</Column>
<Column name="subtotal" id="DC02BC42-8398-E91C-F12D-CF009881BB68">
<createdBy>lilianatapia</createdBy>
<createdTime>2024-09-17 00:04:57 UTC</createdTime>
<generatorID>DD08A91F-DE6F-6B06-FEA0-FA09044D7E77</generatorID>
<ownerDesignName>Exp2_S6_ Liliana_Tapia</ownerDesignName>
<useDomainConstraints>false</useDomainConstraints>
<use>1</use>
<logicalDatatype>LOGDT019</logicalDatatype>
<dataTypePrecision>10</dataTypePrecision>
<dataTypeScale>2</dataTypeScale>
<ownDataTypeParameters>,10,2</ownDataTypeParameters>
<autoIncrementCycle>false</autoIncrementCycle>
</Column>
<Column name="ORDEN_ATENCION_id_orden" id="EC5A0C64-1C11-3425-E576-760567B97EC1">
<createdBy>lilianatapia</createdBy>
<createdTime>2024-09-17 00:04:57 UTC</createdTime>
<generatorID>C3AF3CC4-2D59-B762-4878-F5F8C9BDC111</generatorID>
<ownerDesignName>Exp2_S6_ Liliana_Tapia</ownerDesignName>
<useDomainConstraints>false</useDomainConstraints>
<use>1</use>
<logicalDatatype>LOGDT019</logicalDatatype>
<dataTypePrecision>40</dataTypePrecision>
<dataTypeScale>6</dataTypeScale>
<ownDataTypeParameters>,,</ownDataTypeParameters>
<previousColumn>false</previousColumn>
<autoIncrementCycle>false</autoIncrementCycle>
<associations>
<colAssociation fkAssociation="68FF3E35-0D76-1446-5F9C-90484196BE40" referredColumn="BB8C315A-4046-3C11-61C0-58F282B0745F"/>
</associations>
</Column>
<Column name="REPUESTO_id_repuesto" id="D2C8B629-F9C4-F3FE-EBFC-7F0CE7FB2CE8">
<createdBy>lilianatapia</createdBy>
<createdTime>2024-09-17 00:04:57 UTC</createdTime>
<generatorID>D8E21D2C-9860-0042-17D6-5B4524978EAF</generatorID>
<ownerDesignName>Exp2_S6_ Liliana_Tapia</ownerDesignName>
<useDomainConstraints>false</useDomainConstraints>
<use>1</use>
<logicalDatatype>LOGDT011</logicalDatatype>
<ownDataTypeParameters>,,</ownDataTypeParameters>
<previousColumn>false</previousColumn>
<autoIncrementCycle>false</autoIncrementCycle>
<associations>
<colAssociation fkAssociation="A5BBB576-0AE4-76AE-AAA9-B0A2C88091D1" referredColumn="486B62F8-D3CC-320F-25E0-2A7BC29DE46F"/>
</associations>
</Column>
<Column name="SERVICIO_id_servicio" id="55095FFE-C3DE-67FD-4F6F-6E91BB7883C7">
<createdBy>lilianatapia</createdBy>
<createdTime>2024-09-17 00:04:57 UTC</createdTime>
<generatorID>B25B7E5B-2815-2A41-102D-DE5ABE4CD98F</generatorID>
<ownerDesignName>Exp2_S6_ Liliana_Tapia</ownerDesignName>
<useDomainConstraints>false</useDomainConstraints>
<use>1</use>
<logicalDatatype>LOGDT011</logicalDatatype>
<ownDataTypeParameters>,,</ownDataTypeParameters>
<previousColumn>false</previousColumn>
<autoIncrementCycle>false</autoIncrementCycle>
<associations>
<colAssociation fkAssociation="049880AF-5139-CD87-B597-61C39B88D173" referredColumn="15B23419-6CBF-9986-7626-A431135E5DE4"/>
</associations>
</Column>
<Column name="ORDEN_ATENCION_CLIENTE_id_cliente" id="AC71D961-EDB0-A98F-070A-2C41AE746AEF">
<createdBy>lilianatapia</createdBy>
<createdTime>2024-09-17 00:04:57 UTC</createdTime>
<generatorID>63ABEC94-34A8-2360-896D-0308DA398F3C</generatorID>
<ownerDesignName>Exp2_S6_ Liliana_Tapia</ownerDesignName>
<useDomainConstraints>false</useDomainConstraints>
<use>1</use>
<logicalDatatype>LOGDT011</logicalDatatype>
<ownDataTypeParameters>,,</ownDataTypeParameters>
<previousColumn>false</previousColumn>
<autoIncrementCycle>false</autoIncrementCycle>
<associations>
<colAssociation fkAssociation="68FF3E35-0D76-1446-5F9C-90484196BE40" referredColumn="2071A51F-0FB6-4C2F-0474-176258039B46"/>
</associations>
</Column>
</columns>
<indexes itemClass="oracle.dbtools.crest.model.design.relational.Index">
<ind_PK_UK id="1BEC35B5-6B39-1B3F-74FF-2F865FFA15FE" name="DETALLE_ORDEN_PK">
<createdBy>lilianatapia</createdBy>
<createdTime>2024-09-17 00:04:57 UTC</createdTime>
<generatorID>F969408E-8C9F-5CD5-7BD7-5B16C4EE1178</generatorID>
<ownerDesignName>Exp2_S6_ Liliana_Tapia</ownerDesignName>
<pk>true</pk>
<indexState>Primary Constraint</indexState>
<isSurrogateKey>false</isSurrogateKey>
<indexColumnUsage>
<colUsage columnID="12CEFDC8-CA78-7DB2-FA5F-0AF14582D834"/>
<colUsage columnID="EC5A0C64-1C11-3425-E576-760567B97EC1"/>
</indexColumnUsage>
</ind_PK_UK>
<ind_PK_UK id="A99EB65E-08A6-BCD5-A3E6-FDABA684D91F" name="DETALLE_ORDEN_ORDEN_ATENCION_FK">
<createdBy>lilianatapia</createdBy>
<createdTime>2024-09-17 00:04:57 UTC</createdTime>
<generatorID>AC36B34F-51C3-7AF0-78D0-2888769D33C4</generatorID>
<ownerDesignName>Exp2_S6_ Liliana_Tapia</ownerDesignName>
<indexState>Foreign Key</indexState>
<isSurrogateKey>false</isSurrogateKey>
<indexColumnUsage>
<colUsage columnID="EC5A0C64-1C11-3425-E576-760567B97EC1"/>
<colUsage columnID="AC71D961-EDB0-A98F-070A-2C41AE746AEF"/>
</indexColumnUsage>
</ind_PK_UK>
<ind_PK_UK id="14E4D3BF-63DC-4AA3-AA5B-A4846FB78B41" name="DETALLE_ORDEN_SERVICIO_FK">
<createdBy>lilianatapia</createdBy>
<createdTime>2024-09-17 00:04:57 UTC</createdTime>
<generatorID>67A8E092-4C1E-48A4-6D99-9713B52C646A</generatorID>
<ownerDesignName>Exp2_S6_ Liliana_Tapia</ownerDesignName>
<indexState>Foreign Key</indexState>
<isSurrogateKey>false</isSurrogateKey>
<indexColumnUsage>
<colUsage columnID="55095FFE-C3DE-67FD-4F6F-6E91BB7883C7"/>
</indexColumnUsage>
</ind_PK_UK>
<ind_PK_UK id="01156FC6-881F-990D-BD7D-251CB6EC7EEF" name="DETALLE_ORDEN_REPUESTO_FK">
<createdBy>lilianatapia</createdBy>
<createdTime>2024-09-17 00:04:57 UTC</createdTime>
<generatorID>9BD3B018-C4CF-EF2A-48B1-FFBD2118FE83</generatorID>
<ownerDesignName>Exp2_S6_ Liliana_Tapia</ownerDesignName>
<indexState>Foreign Key</indexState>
<isSurrogateKey>false</isSurrogateKey>
<indexColumnUsage>
<colUsage columnID="D2C8B629-F9C4-F3FE-EBFC-7F0CE7FB2CE8"/>
</indexColumnUsage>
</ind_PK_UK>
</indexes>
</Table>