<?xml version = '1.0' encoding = 'UTF-8'?>
<FKIndexAssociation class="oracle.dbtools.crest.model.design.relational.FKIndexAssociation" directorySegmentName="seg_0" id="049880AF-5139-CD87-B597-61C39B88D173" containerWithKeyObject="88849291-A703-84F7-5D3B-BEE04BCA8F89" localFKIndex="14E4D3BF-63DC-4AA3-AA5B-A4846FB78B41" name="DETALLE_ORDEN_SERVICIO_FK">
<createdBy>lilianatapia</createdBy>
<createdTime>2024-09-17 00:04:57 UTC</createdTime>
<generatorID>67A8E092-4C1E-48A4-6D99-9713B52C646A</generatorID>
<ownerDesignName>Exp2_S6_ Liliana_Tapia</ownerDesignName>
<referredTableLongName>SERVICIO</referredTableLongName>
<deleteRule>NO ACTION</deleteRule>
<referredTableID>77120E32-26BB-16D6-B6A4-FE2C9B502C02</referredTableID>
<keyObject>C469030B-93BC-3BFF-507E-48C4DE9F6246</keyObject>
<referredKeyID>C469030B-93BC-3BFF-507E-48C4DE9F6246</referredKeyID>
<mandatory>true</mandatory>
<refColNames>id_servicio</refColNames>
<transferable>true</transferable>
<rely>false</rely>
<columnDependencyConstraintGenerateInDDL>true</columnDependencyConstraintGenerateInDDL>
</FKIndexAssociation>