<?xml version = '1.0' encoding = 'UTF-8'?>
<FKIndexAssociation class="oracle.dbtools.crest.model.design.relational.FKIndexAssociation" directorySegmentName="seg_0" id="08D26EC5-7D1D-77AA-EA14-63E77F3E9817" containerWithKeyObject="281C7D8C-2223-D3D6-3DDB-F7B55AD8D820" localFKIndex="3E759152-8E38-56E8-5B45-45945DDFC8B8" name="ORDEN_ATENCION_CLIENTE_FK">
<createdBy>lilianatapia</createdBy>
<createdTime>2024-09-17 00:04:57 UTC</createdTime>
<generatorID>5A4E89C6-E753-C1FB-63B3-C6EA635A040A</generatorID>
<ownerDesignName>Exp2_S6_ Liliana_Tapia</ownerDesignName>
<referredTableLongName>CLIENTE</referredTableLongName>
<deleteRule>NO ACTION</deleteRule>
<referredTableID>E3DDBCA8-8348-E8DB-CE9E-B47881CE9919</referredTableID>
<keyObject>41393377-18EC-B033-B09D-98EF1039ABE4</keyObject>
<referredKeyID>41393377-18EC-B033-B09D-98EF1039ABE4</referredKeyID>
<mandatory>true</mandatory>
<refColNames>id_cliente</refColNames>
<transferable>true</transferable>
<rely>false</rely>
<columnDependencyConstraintGenerateInDDL>true</columnDependencyConstraintGenerateInDDL>
</FKIndexAssociation>