<?xml version = '1.0' encoding = 'UTF-8'?>
<FKIndexAssociation class="oracle.dbtools.crest.model.design.relational.FKIndexAssociation" directorySegmentName="seg_0" id="68FF3E35-0D76-1446-5F9C-90484196BE40" containerWithKeyObject="88849291-A703-84F7-5D3B-BEE04BCA8F89" localFKIndex="A99EB65E-08A6-BCD5-A3E6-FDABA684D91F" name="DETALLE_ORDEN_ORDEN_ATENCION_FK">
<createdBy>lilianatapia</createdBy>
<createdTime>2024-09-17 00:04:57 UTC</createdTime>
<generatorID>AC36B34F-51C3-7AF0-78D0-2888769D33C4</generatorID>
<ownerDesignName>Exp2_S6_ Liliana_Tapia</ownerDesignName>
<referredTableLongName>ORDEN_ATENCION</referredTableLongName>
<deleteRule>NO ACTION</deleteRule>
<referredTableID>281C7D8C-2223-D3D6-3DDB-F7B55AD8D820</referredTableID>
<keyObject>8608D990-722A-A82E-6F6A-8F4229336E64</keyObject>
<referredKeyID>8608D990-722A-A82E-6F6A-8F4229336E64</referredKeyID>
<mandatory>true</mandatory>
<refColNames>id_orden,CLIENTE_id_cliente</refColNames>
<transferable>true</transferable>
<rely>false</rely>
<columnDependencyConstraintGenerateInDDL>true</columnDependencyConstraintGenerateInDDL>
</FKIndexAssociation>