<?xml version = '1.0' encoding = 'UTF-8'?>
<FKIndexAssociation class="oracle.dbtools.crest.model.design.relational.FKIndexAssociation" directorySegmentName="seg_0" id="8CE9E21E-7FF4-6B0A-7975-31CB48A2E691" containerWithKeyObject="79B845B5-A6B1-D248-0343-2B6F46D87070" localFKIndex="B9E843CA-AB51-8513-D485-1585F8B2960C" name="VEHICULO_CLIENTE_FK">
<createdBy>lilianatapia</createdBy>
<createdTime>2024-09-17 00:04:57 UTC</createdTime>
<generatorID>0EE4CD5C-A17F-B623-2F13-50B0E8F79CF6</generatorID>
<ownerDesignName>Exp2_S6_ Liliana_Tapia</ownerDesignName>
<referredTableLongName>CLIENTE</referredTableLongName>
<deleteRule>NO ACTION</deleteRule>
<referredTableID>E3DDBCA8-8348-E8DB-CE9E-B47881CE9919</referredTableID>
<keyObject>41393377-18EC-B033-B09D-98EF1039ABE4</keyObject>
<referredKeyID>41393377-18EC-B033-B09D-98EF1039ABE4</referredKeyID>
<mandatory>true</mandatory>
<refColNames>id_cliente</refColNames>
<transferable>false</transferable>
<rely>false</rely>
<columnDependencyConstraintGenerateInDDL>true</columnDependencyConstraintGenerateInDDL>
</FKIndexAssociation>