<?xml version = '1.0' encoding = 'UTF-8'?>
<FKIndexAssociation class="oracle.dbtools.crest.model.design.relational.FKIndexAssociation" directorySegmentName="seg_0" id="A5BBB576-0AE4-76AE-AAA9-B0A2C88091D1" containerWithKeyObject="88849291-A703-84F7-5D3B-BEE04BCA8F89" localFKIndex="01156FC6-881F-990D-BD7D-251CB6EC7EEF" name="DETALLE_ORDEN_REPUESTO_FK">
<createdBy>lilianatapia</createdBy>
<createdTime>2024-09-17 00:04:57 UTC</createdTime>
<generatorID>9BD3B018-C4CF-EF2A-48B1-FFBD2118FE83</generatorID>
<ownerDesignName>Exp2_S6_ Liliana_Tapia</ownerDesignName>
<referredTableLongName>REPUESTO</referredTableLongName>
<deleteRule>NO ACTION</deleteRule>
<referredTableID>269828D6-EFD7-CFF6-6853-EA42F82219B4</referredTableID>
<keyObject>7940B1D7-0C6D-B527-12AC-B0FA933F7EA6</keyObject>
<referredKeyID>7940B1D7-0C6D-B527-12AC-B0FA933F7EA6</referredKeyID>
<mandatory>true</mandatory>
<refColNames>id_repuesto</refColNames>
<transferable>true</transferable>
<rely>false</rely>
<columnDependencyConstraintGenerateInDDL>true</columnDependencyConstraintGenerateInDDL>
</FKIndexAssociation>