<?xml version = '1.0' encoding = 'UTF-8'?>
<FKIndexAssociation class="oracle.dbtools.crest.model.design.relational.FKIndexAssociation" directorySegmentName="seg_0" id="CADDBBD5-C080-D61A-8B89-1F0A16B305D5" containerWithKeyObject="59F975A9-68A3-C917-D809-45EB4F09A1B2" localFKIndex="2E5307AF-7591-16E4-1137-97C713E895C0" name="DOMICILIO_CLIENTE_FK">
<createdBy>lilianatapia</createdBy>
<createdTime>2024-09-17 00:04:57 UTC</createdTime>
<generatorID>1EF48EBD-2179-A4CD-0042-3F4F92F2C470</generatorID>
<ownerDesignName>Exp2_S6_ Liliana_Tapia</ownerDesignName>
<referredTableLongName>CLIENTE</referredTableLongName>
<deleteRule>NO ACTION</deleteRule>
<referredTableID>E3DDBCA8-8348-E8DB-CE9E-B47881CE9919</referredTableID>
<keyObject>41393377-18EC-B033-B09D-98EF1039ABE4</keyObject>
<referredKeyID>41393377-18EC-B033-B09D-98EF1039ABE4</referredKeyID>
<mandatory>true</mandatory>
<refColNames>id_cliente</refColNames>
<transferable>true</transferable>
<rely>false</rely>
<columnDependencyConstraintGenerateInDDL>true</columnDependencyConstraintGenerateInDDL>
</FKIndexAssociation>