<?xml version = '1.0' encoding = 'UTF-8'?>
<FKIndexAssociation class="oracle.dbtools.crest.model.design.relational.FKIndexAssociation" directorySegmentName="seg_0" id="241DA26E-BF7C-7537-9BD9-BF4219963023" containerWithKeyObject="DCB8B93F-239D-5331-6C5A-5EF2A9920A96" localFKIndex="A41BF4A3-E301-EBD7-4ADE-27B4C0A90F9A" name="CAMIONES_VEHICULO_FK">
<createdBy>lilianatapia</createdBy>
<createdTime>2024-09-16 20:41:32 UTC</createdTime>
<generatorID>0773DB21-0CCC-E41E-711A-B2EFC3D78229</generatorID>
<ownerDesignName>Exp2_S6_ Liliana_Tapia</ownerDesignName>
<referredTableLongName>VEHICULO</referredTableLongName>
<arc>6D51F448-BF04-30B4-D6AA-6652AB2ECB88</arc>
<deleteRule>NO ACTION</deleteRule>
<referredTableID>776470A7-9A54-ECC9-002C-78ED941E677D</referredTableID>
<keyObject>674FC5AD-7D41-4EEC-0FC7-404B18060348</keyObject>
<referredKeyID>674FC5AD-7D41-4EEC-0FC7-404B18060348</referredKeyID>
<mandatory>true</mandatory>
<refColNames>id_vehiculo,CLIENTE_id_cliente</refColNames>
<transferable>true</transferable>
<rely>false</rely>
<columnDependencyConstraintGenerateInDDL>true</columnDependencyConstraintGenerateInDDL>
</FKIndexAssociation>