<?xml version = '1.0' encoding = 'UTF-8'?>
<FKIndexAssociation class="oracle.dbtools.crest.model.design.relational.FKIndexAssociation" directorySegmentName="seg_0" id="2EF780D6-AF78-11A8-1F64-6B005E510464" containerWithKeyObject="776470A7-9A54-ECC9-002C-78ED941E677D" localFKIndex="2FFD33D9-CAA6-261F-F54C-93C4256057DA" name="VEHICULO_CLIENTE_FK">
<createdBy>lilianatapia</createdBy>
<createdTime>2024-09-16 20:41:32 UTC</createdTime>
<generatorID>0EE4CD5C-A17F-B623-2F13-50B0E8F79CF6</generatorID>
<ownerDesignName>Exp2_S6_ Liliana_Tapia</ownerDesignName>
<referredTableLongName>CLIENTE</referredTableLongName>
<deleteRule>NO ACTION</deleteRule>
<referredTableID>95FE2EBF-1ECB-D8E1-5A92-16C3D60D9AEA</referredTableID>
<keyObject>D14CA825-A499-83FB-AC47-B2108C1E8E73</keyObject>
<referredKeyID>D14CA825-A499-83FB-AC47-B2108C1E8E73</referredKeyID>
<mandatory>true</mandatory>
<refColNames>id_cliente</refColNames>
<transferable>true</transferable>
<rely>false</rely>
<columnDependencyConstraintGenerateInDDL>true</columnDependencyConstraintGenerateInDDL>
</FKIndexAssociation>