<?xml version = '1.0' encoding = 'UTF-8'?>
<FKIndexAssociation class="oracle.dbtools.crest.model.design.relational.FKIndexAssociation" directorySegmentName="seg_0" id="577AE069-567D-36AD-5E6B-812E5D29736F" containerWithKeyObject="D61497A6-D021-C3D0-19F2-9D00A65C91CE" localFKIndex="BDA51C8B-4597-1F0E-7E8C-908EEBC51731" name="DETALLE_ORDEN_REPUESTO_FK">
<createdBy>lilianatapia</createdBy>
<createdTime>2024-09-16 20:41:32 UTC</createdTime>
<generatorID>9BD3B018-C4CF-EF2A-48B1-FFBD2118FE83</generatorID>
<ownerDesignName>Exp2_S6_ Liliana_Tapia</ownerDesignName>
<referredTableLongName>REPUESTO</referredTableLongName>
<deleteRule>NO ACTION</deleteRule>
<referredTableID>FA061C4E-EF09-8EA4-485F-4D51E195C3DA</referredTableID>
<keyObject>8E24AB3C-4F5B-42B6-9AA1-1230AEC785EF</keyObject>
<referredKeyID>8E24AB3C-4F5B-42B6-9AA1-1230AEC785EF</referredKeyID>
<mandatory>true</mandatory>
<refColNames>id_repuesto</refColNames>
<transferable>true</transferable>
<rely>false</rely>
<columnDependencyConstraintGenerateInDDL>true</columnDependencyConstraintGenerateInDDL>
</FKIndexAssociation>