<?xml version = '1.0' encoding = 'UTF-8'?>
<FKIndexAssociation class="oracle.dbtools.crest.model.design.relational.FKIndexAssociation" directorySegmentName="seg_0" id="7FF2ED4A-D205-7627-B889-D6AA782D6F22" containerWithKeyObject="D61497A6-D021-C3D0-19F2-9D00A65C91CE" localFKIndex="920807FD-D235-D20A-4FD0-C1E0D4D17694" name="DETALLE_ORDEN_ORDEN_ATENCION_FK">
<createdBy>lilianatapia</createdBy>
<createdTime>2024-09-16 20:41:32 UTC</createdTime>
<generatorID>AC36B34F-51C3-7AF0-78D0-2888769D33C4</generatorID>
<ownerDesignName>Exp2_S6_ Liliana_Tapia</ownerDesignName>
<referredTableLongName>ORDEN_ATENCION</referredTableLongName>
<deleteRule>NO ACTION</deleteRule>
<referredTableID>834C27E7-FDEC-4168-AA3F-0263FED8591C</referredTableID>
<keyObject>B4DBE454-771D-E708-3BDE-19B8396165F5</keyObject>
<referredKeyID>B4DBE454-771D-E708-3BDE-19B8396165F5</referredKeyID>
<mandatory>true</mandatory>
<refColNames>id_orden,CLIENTE_id_cliente</refColNames>
<transferable>true</transferable>
<rely>false</rely>
<columnDependencyConstraintGenerateInDDL>true</columnDependencyConstraintGenerateInDDL>
</FKIndexAssociation>