<?xml version = '1.0' encoding = 'UTF-8'?>
<FKIndexAssociation class="oracle.dbtools.crest.model.design.relational.FKIndexAssociation" directorySegmentName="seg_0" id="8A3BAA6C-BC6F-EFC7-F6D9-288AB189EE5E" containerWithKeyObject="568A07A5-901B-8C34-5975-CBE131E17AE5" localFKIndex="A292AFF1-9008-1C11-1A5E-DA36418ADC60" name="AUTOS_LIGEROS_VEHICULO_FK">
<createdBy>lilianatapia</createdBy>
<createdTime>2024-09-16 20:41:32 UTC</createdTime>
<generatorID>E75C7CE3-35AA-5CA3-E377-AFF646C6ACC4</generatorID>
<ownerDesignName>Exp2_S6_ Liliana_Tapia</ownerDesignName>
<referredTableLongName>VEHICULO</referredTableLongName>
<arc>6D51F448-BF04-30B4-D6AA-6652AB2ECB88</arc>
<deleteRule>NO ACTION</deleteRule>
<referredTableID>776470A7-9A54-ECC9-002C-78ED941E677D</referredTableID>
<keyObject>674FC5AD-7D41-4EEC-0FC7-404B18060348</keyObject>
<referredKeyID>674FC5AD-7D41-4EEC-0FC7-404B18060348</referredKeyID>
<mandatory>true</mandatory>
<refColNames>id_vehiculo,CLIENTE_id_cliente</refColNames>
<transferable>true</transferable>
<rely>false</rely>
<columnDependencyConstraintGenerateInDDL>true</columnDependencyConstraintGenerateInDDL>
</FKIndexAssociation>