<?xml version = '1.0' encoding = 'UTF-8'?>
<FKIndexAssociation class="oracle.dbtools.crest.model.design.relational.FKIndexAssociation" directorySegmentName="seg_0" id="A600D03D-85D0-1FB9-CCA1-075A8812F773" containerWithKeyObject="D61497A6-D021-C3D0-19F2-9D00A65C91CE" localFKIndex="A4FAC0F1-AD5B-32DE-B1C0-98ECCC416A26" name="DETALLE_ORDEN_SERVICIO_FK">
<createdBy>lilianatapia</createdBy>
<createdTime>2024-09-16 20:41:32 UTC</createdTime>
<generatorID>67A8E092-4C1E-48A4-6D99-9713B52C646A</generatorID>
<ownerDesignName>Exp2_S6_ Liliana_Tapia</ownerDesignName>
<referredTableLongName>SERVICIO</referredTableLongName>
<deleteRule>NO ACTION</deleteRule>
<referredTableID>52F201BC-3DD5-C708-169B-CC04ECDADE65</referredTableID>
<keyObject>E0E2AD9C-844F-E9FD-E734-24F3004ECA2C</keyObject>
<referredKeyID>E0E2AD9C-844F-E9FD-E734-24F3004ECA2C</referredKeyID>
<mandatory>true</mandatory>
<refColNames>id_servicio</refColNames>
<transferable>true</transferable>
<rely>false</rely>
<columnDependencyConstraintGenerateInDDL>true</columnDependencyConstraintGenerateInDDL>
</FKIndexAssociation>