<?xml version = '1.0' encoding = 'UTF-8'?>
<FKIndexAssociation class="oracle.dbtools.crest.model.design.relational.FKIndexAssociation" directorySegmentName="seg_0" id="E4A10B2D-1023-35E3-905C-CC0D0F63D924" containerWithKeyObject="834C27E7-FDEC-4168-AA3F-0263FED8591C" localFKIndex="3D347A86-8391-BE11-49C8-DE90C5D61FC0" name="ORDEN_ATENCION_VEHICULO_FK">
<createdBy>lilianatapia</createdBy>
<createdTime>2024-09-16 20:41:32 UTC</createdTime>
<generatorID>771B65F1-9043-2205-1481-A31763DEBAA5</generatorID>
<ownerDesignName>Exp2_S6_ Liliana_Tapia</ownerDesignName>
<referredTableLongName>VEHICULO</referredTableLongName>
<deleteRule>NO ACTION</deleteRule>
<referredTableID>776470A7-9A54-ECC9-002C-78ED941E677D</referredTableID>
<keyObject>674FC5AD-7D41-4EEC-0FC7-404B18060348</keyObject>
<referredKeyID>674FC5AD-7D41-4EEC-0FC7-404B18060348</referredKeyID>
<mandatory>true</mandatory>
<refColNames>id_vehiculo,CLIENTE_id_cliente</refColNames>
<transferable>true</transferable>
<rely>false</rely>
<columnDependencyConstraintGenerateInDDL>true</columnDependencyConstraintGenerateInDDL>
</FKIndexAssociation>