<?xml version = '1.0' encoding = 'UTF-8'?>
<FKIndexAssociation class="oracle.dbtools.crest.model.design.relational.FKIndexAssociation" directorySegmentName="seg_0" id="EB136D94-55D4-163C-0D79-3B22E9E280B8" containerWithKeyObject="834C27E7-FDEC-4168-AA3F-0263FED8591C" localFKIndex="8AB38BBB-F280-D07B-C6F6-0CD333C3476F" name="ORDEN_ATENCION_CLIENTE_FK">
<createdBy>lilianatapia</createdBy>
<createdTime>2024-09-16 20:41:32 UTC</createdTime>
<generatorID>5A4E89C6-E753-C1FB-63B3-C6EA635A040A</generatorID>
<ownerDesignName>Exp2_S6_ Liliana_Tapia</ownerDesignName>
<referredTableLongName>CLIENTE</referredTableLongName>
<deleteRule>NO ACTION</deleteRule>
<referredTableID>95FE2EBF-1ECB-D8E1-5A92-16C3D60D9AEA</referredTableID>
<keyObject>D14CA825-A499-83FB-AC47-B2108C1E8E73</keyObject>
<referredKeyID>D14CA825-A499-83FB-AC47-B2108C1E8E73</referredKeyID>
<mandatory>true</mandatory>
<refColNames>id_cliente</refColNames>
<transferable>true</transferable>
<rely>false</rely>
<columnDependencyConstraintGenerateInDDL>true</columnDependencyConstraintGenerateInDDL>
</FKIndexAssociation>