<?xml version = '1.0' encoding = 'UTF-8'?>
<FKArc class="oracle.dbtools.crest.model.design.relational.FKArc" directorySegmentName="seg_0" id="6D51F448-BF04-30B4-D6AA-6652AB2ECB88" name="FKArc_1">
<createdBy>lilianatapia</createdBy>
<createdTime>2024-09-16 20:41:32 UTC</createdTime>
<ownerDesignName>Exp2_S6_ Liliana_Tapia</ownerDesignName>
<mandatory>false</mandatory>
<reverseArc>true</reverseArc>
<table>776470A7-9A54-ECC9-002C-78ED941E677D</table>
<fkeys>
<fkeyID>8A3BAA6C-BC6F-EFC7-F6D9-288AB189EE5E</fkeyID>
<fkeyID>241DA26E-BF7C-7537-9BD9-BF4219963023</fkeyID>
</fkeys>
</FKArc>