<?xml version = '1.0' encoding = 'UTF-8'?>
<Table class="oracle.dbtools.crest.model.design.relational.Table" directorySegmentName="seg_0" id="52F201BC-3DD5-C708-169B-CC04ECDADE65" name="SERVICIO">
<createdBy>lilianatapia</createdBy>
<createdTime>2024-09-16 20:41:32 UTC</createdTime>
<generatorID>721456E0-3604-7421-C90E-2FDCC1B1DDE8</generatorID>
<ownerDesignName>Exp2_S6_ Liliana_Tapia</ownerDesignName>
<allowColumnReorder>false</allowColumnReorder>
<existDependencyGenerateInDDl>true</existDependencyGenerateInDDl>
<parsed>true</parsed>
<columns itemClass="oracle.dbtools.crest.model.design.relational.Column">
<Column name="id_servicio" id="D5D9E3B6-2860-6773-B095-60E691FD741A">
<createdBy>lilianatapia</createdBy>
<createdTime>2024-09-16 20:41:32 UTC</createdTime>
<generatorID>4E956C67-B8C6-A868-6B1E-BBB360D38D28</generatorID>
<ownerDesignName>Exp2_S6_ Liliana_Tapia</ownerDesignName>
<useDomainConstraints>false</useDomainConstraints>
<use>1</use>
<logicalDatatype>LOGDT011</logicalDatatype>
<ownDataTypeParameters>,,</ownDataTypeParameters>
<autoIncrementCycle>false</autoIncrementCycle>
</Column>
<Column name="nombre_servicio" id="21EC3307-0A7C-8925-8CEE-B488200F810E">
<createdBy>lilianatapia</createdBy>
<createdTime>2024-09-16 20:41:32 UTC</createdTime>
<generatorID>B2932BDC-BBF2-7AEF-5071-6CC56D099F7B</generatorID>
<ownerDesignName>Exp2_S6_ Liliana_Tapia</ownerDesignName>
<useDomainConstraints>false</useDomainConstraints>
<use>1</use>
<logicalDatatype>LOGDT024</logicalDatatype>
<dataTypeSize>20 BYTE</dataTypeSize>
<ownDataTypeParameters>20 BYTE,,</ownDataTypeParameters>
<autoIncrementCycle>false</autoIncrementCycle>
</Column>
<Column name="descripcion" id="5460182E-3C52-F153-9F5A-F969BFC7B758">
<createdBy>lilianatapia</createdBy>
<createdTime>2024-09-16 20:41:32 UTC</createdTime>
<generatorID>6193D616-C5FC-DEB4-0F00-C8728CD034F0</generatorID>
<ownerDesignName>Exp2_S6_ Liliana_Tapia</ownerDesignName>
<nullsAllowed>true</nullsAllowed>
<useDomainConstraints>false</useDomainConstraints>
<use>1</use>
<logicalDatatype>LOGDT040</logicalDatatype>
<ownDataTypeParameters>,,</ownDataTypeParameters>
<autoIncrementCycle>false</autoIncrementCycle>
</Column>
<Column name="tiempo_estimado" id="09D81BD8-0034-7E97-6230-1E1648C18DC0">
<createdBy>lilianatapia</createdBy>
<createdTime>2024-09-16 20:41:32 UTC</createdTime>
<generatorID>F0051C2F-3BC4-6972-AD15-E4C93AAA4A19</generatorID>
<ownerDesignName>Exp2_S6_ Liliana_Tapia</ownerDesignName>
<nullsAllowed>true</nullsAllowed>
<useDomainConstraints>false</useDomainConstraints>
<use>1</use>
<logicalDatatype>LOGDT019</logicalDatatype>
<dataTypePrecision>5</dataTypePrecision>
<dataTypeScale>2</dataTypeScale>
<ownDataTypeParameters>,5,2</ownDataTypeParameters>
<autoIncrementCycle>false</autoIncrementCycle>
</Column>
<Column name="costo_manoobra" id="C29EF973-6FA5-8B3E-BB09-5C85A7B57536">
<createdBy>lilianatapia</createdBy>
<createdTime>2024-09-16 20:41:32 UTC</createdTime>
<generatorID>C7EB4BDC-A9F2-9557-1480-D5822A0D0314</generatorID>
<ownerDesignName>Exp2_S6_ Liliana_Tapia</ownerDesignName>
<useDomainConstraints>false</useDomainConstraints>
<use>1</use>
<logicalDatatype>LOGDT011</logicalDatatype>
<ownDataTypeParameters>,,</ownDataTypeParameters>
<autoIncrementCycle>false</autoIncrementCycle>
</Column>
</columns>
<indexes itemClass="oracle.dbtools.crest.model.design.relational.Index">
<ind_PK_UK id="E0E2AD9C-844F-E9FD-E734-24F3004ECA2C" name="SERVICIO_PK">
<createdBy>lilianatapia</createdBy>
<createdTime>2024-09-16 20:41:32 UTC</createdTime>
<generatorID>557B7C08-DBDC-5EDC-E047-9D523FE5BCDB</generatorID>
<ownerDesignName>Exp2_S6_ Liliana_Tapia</ownerDesignName>
<pk>true</pk>
<indexState>Primary Constraint</indexState>
<isSurrogateKey>false</isSurrogateKey>
<indexColumnUsage>
<colUsage columnID="D5D9E3B6-2860-6773-B095-60E691FD741A"/>
</indexColumnUsage>
</ind_PK_UK>
</indexes>
</Table>