<?xml version = '1.0' encoding = 'UTF-8'?>
<Table class="oracle.dbtools.crest.model.design.relational.Table" directorySegmentName="seg_0" id="568A07A5-901B-8C34-5975-CBE131E17AE5" name="AUTOS_LIGEROS">
<createdBy>lilianatapia</createdBy>
<createdTime>2024-09-16 20:41:32 UTC</createdTime>
<generatorID>614ACFED-A10E-68E4-78D8-100CCA4A8E9B</generatorID>
<ownerDesignName>Exp2_S6_ Liliana_Tapia</ownerDesignName>
<allowColumnReorder>false</allowColumnReorder>
<existDependencyGenerateInDDl>true</existDependencyGenerateInDDl>
<parsed>true</parsed>
<columns itemClass="oracle.dbtools.crest.model.design.relational.Column">
<Column name="id_vehiculo" id="6D66742E-612E-27A2-DD9D-7B08E8813CEB">
<createdBy>lilianatapia</createdBy>
<createdTime>2024-09-16 20:41:32 UTC</createdTime>
<generatorID>E271EA69-F12D-CDDB-1AA8-C1039309EC96</generatorID>
<ownerDesignName>Exp2_S6_ Liliana_Tapia</ownerDesignName>
<useDomainConstraints>false</useDomainConstraints>
<use>1</use>
<logicalDatatype>LOGDT011</logicalDatatype>
<ownDataTypeParameters>,,</ownDataTypeParameters>
<autoIncrementCycle>false</autoIncrementCycle>
<associations>
<colAssociation fkAssociation="8A3BAA6C-BC6F-EFC7-F6D9-288AB189EE5E" referredColumn="3B1978C3-ADDD-C149-4B9C-9B7E7ED0E8DD"/>
</associations>
</Column>
<Column name="tipo_combustible" id="1835E6C1-EF51-A55A-2658-A2C1D37DCEFA">
<createdBy>lilianatapia</createdBy>
<createdTime>2024-09-16 20:41:32 UTC</createdTime>
<generatorID>09F5880D-5732-5DB3-9B8F-B17D803F394B</generatorID>
<ownerDesignName>Exp2_S6_ Liliana_Tapia</ownerDesignName>
<useDomainConstraints>false</useDomainConstraints>
<use>1</use>
<logicalDatatype>LOGDT024</logicalDatatype>
<dataTypeSize>10 BYTE</dataTypeSize>
<ownDataTypeParameters>10 BYTE,,</ownDataTypeParameters>
<autoIncrementCycle>false</autoIncrementCycle>
</Column>
<Column name="num_puertas" id="E93FADBE-E8D9-0932-DB17-E6CFE4578DC6">
<createdBy>lilianatapia</createdBy>
<createdTime>2024-09-16 20:41:32 UTC</createdTime>
<generatorID>79F7E18D-4C71-6CB0-1658-1486C0F810E8</generatorID>
<ownerDesignName>Exp2_S6_ Liliana_Tapia</ownerDesignName>
<useDomainConstraints>false</useDomainConstraints>
<use>1</use>
<logicalDatatype>LOGDT011</logicalDatatype>
<ownDataTypeParameters>,,</ownDataTypeParameters>
<autoIncrementCycle>false</autoIncrementCycle>
</Column>
<Column name="id_cliente" id="D6E6D2BA-BF57-E49D-38EE-4630B0C26AB8">
<createdBy>lilianatapia</createdBy>
<createdTime>2024-09-16 20:41:32 UTC</createdTime>
<generatorID>B4901AC0-FD45-05D3-66A8-1620ED9BBECC</generatorID>
<ownerDesignName>Exp2_S6_ Liliana_Tapia</ownerDesignName>
<useDomainConstraints>false</useDomainConstraints>
<use>1</use>
<logicalDatatype>LOGDT011</logicalDatatype>
<ownDataTypeParameters>,,</ownDataTypeParameters>
<previousColumn>false</previousColumn>
<autoIncrementCycle>false</autoIncrementCycle>
<associations>
<colAssociation fkAssociation="8A3BAA6C-BC6F-EFC7-F6D9-288AB189EE5E" referredColumn="2B032CE1-DB81-3223-9ABD-F9C7FE79886A"/>
</associations>
</Column>
</columns>
<indexes itemClass="oracle.dbtools.crest.model.design.relational.Index">
<ind_PK_UK id="90B3C666-D926-DAB8-0AE4-CDCD22ABD170" name="AUTOS_LIGEROS_PK">
<createdBy>lilianatapia</createdBy>
<createdTime>2024-09-16 20:41:32 UTC</createdTime>
<generatorID>F814619B-DF02-B86E-A7BF-7D3BB68E141F</generatorID>
<ownerDesignName>Exp2_S6_ Liliana_Tapia</ownerDesignName>
<pk>true</pk>
<indexState>Primary Constraint</indexState>
<isSurrogateKey>false</isSurrogateKey>
<indexColumnUsage>
<colUsage columnID="6D66742E-612E-27A2-DD9D-7B08E8813CEB"/>
<colUsage columnID="D6E6D2BA-BF57-E49D-38EE-4630B0C26AB8"/>
</indexColumnUsage>
</ind_PK_UK>
<ind_PK_UK id="A292AFF1-9008-1C11-1A5E-DA36418ADC60" name="AUTOS_LIGEROS_VEHICULO_FK">
<createdBy>lilianatapia</createdBy>
<createdTime>2024-09-16 20:41:32 UTC</createdTime>
<generatorID>E75C7CE3-35AA-5CA3-E377-AFF646C6ACC4</generatorID>
<ownerDesignName>Exp2_S6_ Liliana_Tapia</ownerDesignName>
<indexState>Foreign Key</indexState>
<isSurrogateKey>false</isSurrogateKey>
<indexColumnUsage>
<colUsage columnID="6D66742E-612E-27A2-DD9D-7B08E8813CEB"/>
<colUsage columnID="D6E6D2BA-BF57-E49D-38EE-4630B0C26AB8"/>
</indexColumnUsage>
</ind_PK_UK>
</indexes>
</Table>