<?xml version = '1.0' encoding = 'UTF-8'?>
<Table class="oracle.dbtools.crest.model.design.relational.Table" directorySegmentName="seg_0" id="834C27E7-FDEC-4168-AA3F-0263FED8591C" name="ORDEN_ATENCION">
<createdBy>lilianatapia</createdBy>
<createdTime>2024-09-16 20:41:32 UTC</createdTime>
<generatorID>8D8F98B3-A447-8CDF-5CD4-18A3835C91E7</generatorID>
<ownerDesignName>Exp2_S6_ Liliana_Tapia</ownerDesignName>
<allowColumnReorder>false</allowColumnReorder>
<existDependencyGenerateInDDl>true</existDependencyGenerateInDDl>
<parsed>true</parsed>
<columns itemClass="oracle.dbtools.crest.model.design.relational.Column">
<Column name="id_orden" id="37C89F08-93F3-9CE7-33B3-74EEE60FBE1D">
<createdBy>lilianatapia</createdBy>
<createdTime>2024-09-16 20:41:32 UTC</createdTime>
<generatorID>7F2EF867-D6B9-1148-9098-53810D3C0D9E</generatorID>
<ownerDesignName>Exp2_S6_ Liliana_Tapia</ownerDesignName>
<useDomainConstraints>false</useDomainConstraints>
<use>1</use>
<logicalDatatype>LOGDT019</logicalDatatype>
<dataTypePrecision>40</dataTypePrecision>
<dataTypeScale>6</dataTypeScale>
<ownDataTypeParameters>,40,6</ownDataTypeParameters>
<autoIncrementCycle>false</autoIncrementCycle>
</Column>
<Column name="fecha_creacion" id="9B685F1F-584E-8DC4-0D53-88CD056C84AA">
<createdBy>lilianatapia</createdBy>
<createdTime>2024-09-16 20:41:32 UTC</createdTime>
<generatorID>76B42E93-6EFB-8D82-8AA5-E6A3FBB18F62</generatorID>
<ownerDesignName>Exp2_S6_ Liliana_Tapia</ownerDesignName>
<useDomainConstraints>false</useDomainConstraints>
<use>1</use>
<logicalDatatype>LOGDT007</logicalDatatype>
<ownDataTypeParameters>,,</ownDataTypeParameters>
<autoIncrementCycle>false</autoIncrementCycle>
</Column>
<Column name="tipo_servicio" id="464A2589-CEDE-CAE9-390E-E48A97C3F5D5">
<createdBy>lilianatapia</createdBy>
<createdTime>2024-09-16 20:41:32 UTC</createdTime>
<generatorID>0B27356C-678E-91CA-61D8-39C30B9BAB84</generatorID>
<ownerDesignName>Exp2_S6_ Liliana_Tapia</ownerDesignName>
<useDomainConstraints>false</useDomainConstraints>
<use>1</use>
<logicalDatatype>LOGDT024</logicalDatatype>
<dataTypeSize>25 BYTE</dataTypeSize>
<ownDataTypeParameters>25 BYTE,,</ownDataTypeParameters>
<autoIncrementCycle>false</autoIncrementCycle>
</Column>
<Column name="estado" id="D3B4621E-DCC1-E8BF-BC31-258E5CDA73F4">
<createdBy>lilianatapia</createdBy>
<createdTime>2024-09-16 20:41:32 UTC</createdTime>
<generatorID>D5164869-83B9-AEF1-D515-E467F7D3A107</generatorID>
<ownerDesignName>Exp2_S6_ Liliana_Tapia</ownerDesignName>
<useDomainConstraints>false</useDomainConstraints>
<use>1</use>
<logicalDatatype>LOGDT024</logicalDatatype>
<dataTypeSize>10 BYTE</dataTypeSize>
<ownDataTypeParameters>10 BYTE,,</ownDataTypeParameters>
<autoIncrementCycle>false</autoIncrementCycle>
</Column>
<Column name="CLIENTE_id_cliente" id="7E52B43B-686A-7194-B8D8-DCFE176CC43B">
<createdBy>lilianatapia</createdBy>
<createdTime>2024-09-16 20:41:32 UTC</createdTime>
<generatorID>9CBE2EBD-DAA1-F4B3-A61E-32EB7AAD2635</generatorID>
<ownerDesignName>Exp2_S6_ Liliana_Tapia</ownerDesignName>
<useDomainConstraints>false</useDomainConstraints>
<use>1</use>
<logicalDatatype>LOGDT011</logicalDatatype>
<ownDataTypeParameters>,,</ownDataTypeParameters>
<previousColumn>false</previousColumn>
<autoIncrementCycle>false</autoIncrementCycle>
<associations>
<colAssociation fkAssociation="EB136D94-55D4-163C-0D79-3B22E9E280B8" referredColumn="A5D07FEC-9F3F-BE75-1FB1-C743242D0D47"/>
</associations>
</Column>
<Column name="VEHICULO_id_vehiculo" id="E25DFD3B-6815-377F-364B-E70207BC69C4">
<createdBy>lilianatapia</createdBy>
<createdTime>2024-09-16 20:41:32 UTC</createdTime>
<generatorID>4F2C6466-1E9F-A611-837B-304D61795C3B</generatorID>
<ownerDesignName>Exp2_S6_ Liliana_Tapia</ownerDesignName>
<useDomainConstraints>false</useDomainConstraints>
<use>1</use>
<logicalDatatype>LOGDT011</logicalDatatype>
<ownDataTypeParameters>,,</ownDataTypeParameters>
<previousColumn>false</previousColumn>
<autoIncrementCycle>false</autoIncrementCycle>
<associations>
<colAssociation fkAssociation="E4A10B2D-1023-35E3-905C-CC0D0F63D924" referredColumn="3B1978C3-ADDD-C149-4B9C-9B7E7ED0E8DD"/>
</associations>
</Column>
<Column name="VEHICULO_CLIENTE_id_cliente" id="1FFE2171-4025-E07A-A958-3E9D68A3BCA1">
<createdBy>lilianatapia</createdBy>
<createdTime>2024-09-16 20:41:32 UTC</createdTime>
<generatorID>BE172786-26AA-FF15-108B-561182C238EC</generatorID>
<ownerDesignName>Exp2_S6_ Liliana_Tapia</ownerDesignName>
<useDomainConstraints>false</useDomainConstraints>
<use>1</use>
<logicalDatatype>LOGDT011</logicalDatatype>
<ownDataTypeParameters>,,</ownDataTypeParameters>
<previousColumn>false</previousColumn>
<autoIncrementCycle>false</autoIncrementCycle>
<associations>
<colAssociation fkAssociation="E4A10B2D-1023-35E3-905C-CC0D0F63D924" referredColumn="2B032CE1-DB81-3223-9ABD-F9C7FE79886A"/>
</associations>
</Column>
</columns>
<indexes itemClass="oracle.dbtools.crest.model.design.relational.Index">
<ind_PK_UK id="B4DBE454-771D-E708-3BDE-19B8396165F5" name="ORDEN_ATENCION_PK">
<createdBy>lilianatapia</createdBy>
<createdTime>2024-09-16 20:41:32 UTC</createdTime>
<generatorID>7AC1EBC0-34D5-89B9-871E-94084D8CA278</generatorID>
<ownerDesignName>Exp2_S6_ Liliana_Tapia</ownerDesignName>
<pk>true</pk>
<indexState>Primary Constraint</indexState>
<isSurrogateKey>false</isSurrogateKey>
<indexColumnUsage>
<colUsage columnID="37C89F08-93F3-9CE7-33B3-74EEE60FBE1D"/>
<colUsage columnID="7E52B43B-686A-7194-B8D8-DCFE176CC43B"/>
</indexColumnUsage>
</ind_PK_UK>
<ind_PK_UK id="8AB38BBB-F280-D07B-C6F6-0CD333C3476F" name="ORDEN_ATENCION_CLIENTE_FK">
<createdBy>lilianatapia</createdBy>
<createdTime>2024-09-16 20:41:32 UTC</createdTime>
<generatorID>5A4E89C6-E753-C1FB-63B3-C6EA635A040A</generatorID>
<ownerDesignName>Exp2_S6_ Liliana_Tapia</ownerDesignName>
<indexState>Foreign Key</indexState>
<isSurrogateKey>false</isSurrogateKey>
<indexColumnUsage>
<colUsage columnID="7E52B43B-686A-7194-B8D8-DCFE176CC43B"/>
</indexColumnUsage>
</ind_PK_UK>
<ind_PK_UK id="3D347A86-8391-BE11-49C8-DE90C5D61FC0" name="ORDEN_ATENCION_VEHICULO_FK">
<createdBy>lilianatapia</createdBy>
<createdTime>2024-09-16 20:41:32 UTC</createdTime>
<generatorID>771B65F1-9043-2205-1481-A31763DEBAA5</generatorID>
<ownerDesignName>Exp2_S6_ Liliana_Tapia</ownerDesignName>
<indexState>Foreign Key</indexState>
<isSurrogateKey>false</isSurrogateKey>
<indexColumnUsage>
<colUsage columnID="E25DFD3B-6815-377F-364B-E70207BC69C4"/>
<colUsage columnID="1FFE2171-4025-E07A-A958-3E9D68A3BCA1"/>
</indexColumnUsage>
</ind_PK_UK>
</indexes>
</Table>