<?xml version = '1.0' encoding = 'UTF-8'?>
<Table class="oracle.dbtools.crest.model.design.relational.Table" directorySegmentName="seg_0" id="D61497A6-D021-C3D0-19F2-9D00A65C91CE" name="DETALLE_ORDEN">
<createdBy>lilianatapia</createdBy>
<createdTime>2024-09-16 20:41:32 UTC</createdTime>
<generatorID>93B50FFC-33CF-AD76-04BE-36E6735B8926</generatorID>
<ownerDesignName>Exp2_S6_ Liliana_Tapia</ownerDesignName>
<allowColumnReorder>false</allowColumnReorder>
<existDependencyGenerateInDDl>true</existDependencyGenerateInDDl>
<parsed>true</parsed>
<columns itemClass="oracle.dbtools.crest.model.design.relational.Column">
<Column name="id_detalle" id="D2917DD3-545A-9B3E-04B7-616E4C55AB92">
<createdBy>lilianatapia</createdBy>
<createdTime>2024-09-16 20:41:32 UTC</createdTime>
<generatorID>5DC477A3-896D-6FC4-D8C6-23FED23256E3</generatorID>
<ownerDesignName>Exp2_S6_ Liliana_Tapia</ownerDesignName>
<useDomainConstraints>false</useDomainConstraints>
<use>1</use>
<logicalDatatype>LOGDT011</logicalDatatype>
<ownDataTypeParameters>,,</ownDataTypeParameters>
<autoIncrementCycle>false</autoIncrementCycle>
</Column>
<Column name="cantidad_repuestos" id="09FFB13F-0957-8822-6C72-9352BB0353EA">
<createdBy>lilianatapia</createdBy>
<createdTime>2024-09-16 20:41:32 UTC</createdTime>
<generatorID>A5489D04-EA15-7220-1747-AAB964412EF2</generatorID>
<ownerDesignName>Exp2_S6_ Liliana_Tapia</ownerDesignName>
<nullsAllowed>true</nullsAllowed>
<useDomainConstraints>false</useDomainConstraints>
<use>1</use>
<logicalDatatype>LOGDT011</logicalDatatype>
<ownDataTypeParameters>,,</ownDataTypeParameters>
<autoIncrementCycle>false</autoIncrementCycle>
</Column>
<Column name="subtotal" id="BDD9FBBD-3CED-4C76-533E-91DCBF7D3482">
<createdBy>lilianatapia</createdBy>
<createdTime>2024-09-16 20:41:32 UTC</createdTime>
<generatorID>DD08A91F-DE6F-6B06-FEA0-FA09044D7E77</generatorID>
<ownerDesignName>Exp2_S6_ Liliana_Tapia</ownerDesignName>
<useDomainConstraints>false</useDomainConstraints>
<use>1</use>
<logicalDatatype>LOGDT019</logicalDatatype>
<dataTypePrecision>10</dataTypePrecision>
<dataTypeScale>2</dataTypeScale>
<ownDataTypeParameters>,10,2</ownDataTypeParameters>
<autoIncrementCycle>false</autoIncrementCycle>
</Column>
<Column name="ORDEN_ATENCION_id_orden" id="AEB9DE35-9C7A-8569-7121-AAA5A3EC36AD">
<createdBy>lilianatapia</createdBy>
<createdTime>2024-09-16 20:41:32 UTC</createdTime>
<generatorID>C3AF3CC4-2D59-B762-4878-F5F8C9BDC111</generatorID>
<ownerDesignName>Exp2_S6_ Liliana_Tapia</ownerDesignName>
<useDomainConstraints>false</useDomainConstraints>
<use>1</use>
<logicalDatatype>LOGDT019</logicalDatatype>
<dataTypePrecision>40</dataTypePrecision>
<dataTypeScale>6</dataTypeScale>
<ownDataTypeParameters>,,</ownDataTypeParameters>
<previousColumn>false</previousColumn>
<autoIncrementCycle>false</autoIncrementCycle>
<associations>
<colAssociation fkAssociation="7FF2ED4A-D205-7627-B889-D6AA782D6F22" referredColumn="37C89F08-93F3-9CE7-33B3-74EEE60FBE1D"/>
</associations>
</Column>
<Column name="REPUESTO_id_repuesto" id="07A587C3-10EB-09F0-FBDB-E866862AB30E">
<createdBy>lilianatapia</createdBy>
<createdTime>2024-09-16 20:41:32 UTC</createdTime>
<generatorID>D8E21D2C-9860-0042-17D6-5B4524978EAF</generatorID>
<ownerDesignName>Exp2_S6_ Liliana_Tapia</ownerDesignName>
<useDomainConstraints>false</useDomainConstraints>
<use>1</use>
<logicalDatatype>LOGDT011</logicalDatatype>
<ownDataTypeParameters>,,</ownDataTypeParameters>
<previousColumn>false</previousColumn>
<autoIncrementCycle>false</autoIncrementCycle>
<associations>
<colAssociation fkAssociation="577AE069-567D-36AD-5E6B-812E5D29736F" referredColumn="4D72DD48-7466-359C-AFAF-7462D4888204"/>
</associations>
</Column>
<Column name="SERVICIO_id_servicio" id="DAF27CF1-A3A4-3890-DAF1-48A5061C69EC">
<createdBy>lilianatapia</createdBy>
<createdTime>2024-09-16 20:41:32 UTC</createdTime>
<generatorID>B25B7E5B-2815-2A41-102D-DE5ABE4CD98F</generatorID>
<ownerDesignName>Exp2_S6_ Liliana_Tapia</ownerDesignName>
<useDomainConstraints>false</useDomainConstraints>
<use>1</use>
<logicalDatatype>LOGDT011</logicalDatatype>
<ownDataTypeParameters>,,</ownDataTypeParameters>
<previousColumn>false</previousColumn>
<autoIncrementCycle>false</autoIncrementCycle>
<associations>
<colAssociation fkAssociation="A600D03D-85D0-1FB9-CCA1-075A8812F773" referredColumn="D5D9E3B6-2860-6773-B095-60E691FD741A"/>
</associations>
</Column>
<Column name="ORDEN_ATENCION_CLIENTE_id_cliente" id="05E01396-B114-6E1C-A45B-7E0E234B6DA6">
<createdBy>lilianatapia</createdBy>
<createdTime>2024-09-16 20:41:32 UTC</createdTime>
<generatorID>63ABEC94-34A8-2360-896D-0308DA398F3C</generatorID>
<ownerDesignName>Exp2_S6_ Liliana_Tapia</ownerDesignName>
<useDomainConstraints>false</useDomainConstraints>
<use>1</use>
<logicalDatatype>LOGDT011</logicalDatatype>
<ownDataTypeParameters>,,</ownDataTypeParameters>
<previousColumn>false</previousColumn>
<autoIncrementCycle>false</autoIncrementCycle>
<associations>
<colAssociation fkAssociation="7FF2ED4A-D205-7627-B889-D6AA782D6F22" referredColumn="7E52B43B-686A-7194-B8D8-DCFE176CC43B"/>
</associations>
</Column>
</columns>
<indexes itemClass="oracle.dbtools.crest.model.design.relational.Index">
<ind_PK_UK id="D78B5EBC-473F-17A8-061A-0E11FEFAA2AC" name="DETALLE_ORDEN_PK">
<createdBy>lilianatapia</createdBy>
<createdTime>2024-09-16 20:41:32 UTC</createdTime>
<generatorID>F969408E-8C9F-5CD5-7BD7-5B16C4EE1178</generatorID>
<ownerDesignName>Exp2_S6_ Liliana_Tapia</ownerDesignName>
<pk>true</pk>
<indexState>Primary Constraint</indexState>
<isSurrogateKey>false</isSurrogateKey>
<indexColumnUsage>
<colUsage columnID="D2917DD3-545A-9B3E-04B7-616E4C55AB92"/>
<colUsage columnID="AEB9DE35-9C7A-8569-7121-AAA5A3EC36AD"/>
</indexColumnUsage>
</ind_PK_UK>
<ind_PK_UK id="920807FD-D235-D20A-4FD0-C1E0D4D17694" name="DETALLE_ORDEN_ORDEN_ATENCION_FK">
<createdBy>lilianatapia</createdBy>
<createdTime>2024-09-16 20:41:32 UTC</createdTime>
<generatorID>AC36B34F-51C3-7AF0-78D0-2888769D33C4</generatorID>
<ownerDesignName>Exp2_S6_ Liliana_Tapia</ownerDesignName>
<indexState>Foreign Key</indexState>
<isSurrogateKey>false</isSurrogateKey>
<indexColumnUsage>
<colUsage columnID="AEB9DE35-9C7A-8569-7121-AAA5A3EC36AD"/>
<colUsage columnID="05E01396-B114-6E1C-A45B-7E0E234B6DA6"/>
</indexColumnUsage>
</ind_PK_UK>
<ind_PK_UK id="A4FAC0F1-AD5B-32DE-B1C0-98ECCC416A26" name="DETALLE_ORDEN_SERVICIO_FK">
<createdBy>lilianatapia</createdBy>
<createdTime>2024-09-16 20:41:32 UTC</createdTime>
<generatorID>67A8E092-4C1E-48A4-6D99-9713B52C646A</generatorID>
<ownerDesignName>Exp2_S6_ Liliana_Tapia</ownerDesignName>
<indexState>Foreign Key</indexState>
<isSurrogateKey>false</isSurrogateKey>
<indexColumnUsage>
<colUsage columnID="DAF27CF1-A3A4-3890-DAF1-48A5061C69EC"/>
</indexColumnUsage>
</ind_PK_UK>
<ind_PK_UK id="BDA51C8B-4597-1F0E-7E8C-908EEBC51731" name="DETALLE_ORDEN_REPUESTO_FK">
<createdBy>lilianatapia</createdBy>
<createdTime>2024-09-16 20:41:32 UTC</createdTime>
<generatorID>9BD3B018-C4CF-EF2A-48B1-FFBD2118FE83</generatorID>
<ownerDesignName>Exp2_S6_ Liliana_Tapia</ownerDesignName>
<indexState>Foreign Key</indexState>
<isSurrogateKey>false</isSurrogateKey>
<indexColumnUsage>
<colUsage columnID="07A587C3-10EB-09F0-FBDB-E866862AB30E"/>
</indexColumnUsage>
</ind_PK_UK>
</indexes>
</Table>