<?xml version = '1.0' encoding = 'UTF-8'?>
<Table class="oracle.dbtools.crest.model.design.relational.Table" directorySegmentName="seg_0" id="DCB8B93F-239D-5331-6C5A-5EF2A9920A96" name="CAMIONES">
<createdBy>lilianatapia</createdBy>
<createdTime>2024-09-16 20:41:32 UTC</createdTime>
<generatorID>075181C4-C0CF-8345-0284-ACF27C4C2F07</generatorID>
<ownerDesignName>Exp2_S6_ Liliana_Tapia</ownerDesignName>
<allowColumnReorder>false</allowColumnReorder>
<existDependencyGenerateInDDl>true</existDependencyGenerateInDDl>
<parsed>true</parsed>
<columns itemClass="oracle.dbtools.crest.model.design.relational.Column">
<Column name="id_vehiculo" id="13A49D5B-ABE0-E023-CA97-C48B39E27DC1">
<createdBy>lilianatapia</createdBy>
<createdTime>2024-09-16 20:41:32 UTC</createdTime>
<generatorID>E271EA69-F12D-CDDB-1AA8-C1039309EC96</generatorID>
<ownerDesignName>Exp2_S6_ Liliana_Tapia</ownerDesignName>
<useDomainConstraints>false</useDomainConstraints>
<use>1</use>
<logicalDatatype>LOGDT011</logicalDatatype>
<ownDataTypeParameters>,,</ownDataTypeParameters>
<autoIncrementCycle>false</autoIncrementCycle>
<associations>
<colAssociation fkAssociation="241DA26E-BF7C-7537-9BD9-BF4219963023" referredColumn="3B1978C3-ADDD-C149-4B9C-9B7E7ED0E8DD"/>
</associations>
</Column>
<Column name="capacidad_de_carga" id="EE8A086A-0CE1-61A7-71D2-B47600B2FE86">
<createdBy>lilianatapia</createdBy>
<createdTime>2024-09-16 20:41:32 UTC</createdTime>
<generatorID>B69DCFFA-13BB-D6FB-7000-2B92BC075F80</generatorID>
<ownerDesignName>Exp2_S6_ Liliana_Tapia</ownerDesignName>
<useDomainConstraints>false</useDomainConstraints>
<use>1</use>
<logicalDatatype>LOGDT011</logicalDatatype>
<ownDataTypeParameters>,,</ownDataTypeParameters>
<autoIncrementCycle>false</autoIncrementCycle>
</Column>
<Column name="ejes" id="1EBBC517-46C0-7E29-8873-E2DCB931648F">
<createdBy>lilianatapia</createdBy>
<createdTime>2024-09-16 20:41:32 UTC</createdTime>
<generatorID>737E03A6-FD28-02DA-186A-F4E76F248143</generatorID>
<ownerDesignName>Exp2_S6_ Liliana_Tapia</ownerDesignName>
<useDomainConstraints>false</useDomainConstraints>
<use>1</use>
<logicalDatatype>LOGDT011</logicalDatatype>
<ownDataTypeParameters>,,</ownDataTypeParameters>
<autoIncrementCycle>false</autoIncrementCycle>
</Column>
<Column name="tipo_camion" id="FE882296-FAE0-6E3F-6C7C-AD34E4B37E4E">
<createdBy>lilianatapia</createdBy>
<createdTime>2024-09-16 20:41:32 UTC</createdTime>
<generatorID>81AEAE28-6C43-6C68-9BC3-79AC960B87EB</generatorID>
<ownerDesignName>Exp2_S6_ Liliana_Tapia</ownerDesignName>
<useDomainConstraints>false</useDomainConstraints>
<use>1</use>
<logicalDatatype>LOGDT024</logicalDatatype>
<dataTypeSize>10 BYTE</dataTypeSize>
<ownDataTypeParameters>10 BYTE,,</ownDataTypeParameters>
<autoIncrementCycle>false</autoIncrementCycle>
</Column>
<Column name="id_cliente" id="88A3865F-7121-5676-87D7-13E9CDD993D8">
<createdBy>lilianatapia</createdBy>
<createdTime>2024-09-16 20:41:32 UTC</createdTime>
<generatorID>B4901AC0-FD45-05D3-66A8-1620ED9BBECC</generatorID>
<ownerDesignName>Exp2_S6_ Liliana_Tapia</ownerDesignName>
<useDomainConstraints>false</useDomainConstraints>
<use>1</use>
<logicalDatatype>LOGDT011</logicalDatatype>
<ownDataTypeParameters>,,</ownDataTypeParameters>
<previousColumn>false</previousColumn>
<autoIncrementCycle>false</autoIncrementCycle>
<associations>
<colAssociation fkAssociation="241DA26E-BF7C-7537-9BD9-BF4219963023" referredColumn="2B032CE1-DB81-3223-9ABD-F9C7FE79886A"/>
</associations>
</Column>
</columns>
<indexes itemClass="oracle.dbtools.crest.model.design.relational.Index">
<ind_PK_UK id="D093916D-DEDA-2ADC-B34C-6DBDBE86124B" name="CAMIONES_PK">
<createdBy>lilianatapia</createdBy>
<createdTime>2024-09-16 20:41:32 UTC</createdTime>
<generatorID>F814619B-DF02-B86E-A7BF-7D3BB68E141F</generatorID>
<ownerDesignName>Exp2_S6_ Liliana_Tapia</ownerDesignName>
<pk>true</pk>
<indexState>Primary Constraint</indexState>
<isSurrogateKey>false</isSurrogateKey>
<indexColumnUsage>
<colUsage columnID="13A49D5B-ABE0-E023-CA97-C48B39E27DC1"/>
<colUsage columnID="88A3865F-7121-5676-87D7-13E9CDD993D8"/>
</indexColumnUsage>
</ind_PK_UK>
<ind_PK_UK id="A41BF4A3-E301-EBD7-4ADE-27B4C0A90F9A" name="CAMIONES_VEHICULO_FK">
<createdBy>lilianatapia</createdBy>
<createdTime>2024-09-16 20:41:32 UTC</createdTime>
<generatorID>0773DB21-0CCC-E41E-711A-B2EFC3D78229</generatorID>
<ownerDesignName>Exp2_S6_ Liliana_Tapia</ownerDesignName>
<indexState>Foreign Key</indexState>
<isSurrogateKey>false</isSurrogateKey>
<indexColumnUsage>
<colUsage columnID="13A49D5B-ABE0-E023-CA97-C48B39E27DC1"/>
<colUsage columnID="88A3865F-7121-5676-87D7-13E9CDD993D8"/>
</indexColumnUsage>
</ind_PK_UK>
</indexes>
</Table>