<?xml version = '1.0' encoding = 'UTF-8'?>
<relationalModel class="oracle.dbtools.crest.model.design.relational.RelationalDesign" name="Relational_1" id="54B71BED-AC6B-3FF8-D05A-A7ED04C72170" mainViewID="1C2D8D5E-B8AD-E1D1-A5A2-A57AB5DF2B56">
<createdBy>lilianatapia</createdBy>
<createdTime>2024-09-17 00:04:51 UTC</createdTime>
<ownerDesignName>Exp2_S6_ Liliana_Tapia</ownerDesignName>
<shouldBeOpen>false</shouldBeOpen>
<selectedRDBMSSite>32076570-2523-435C-2E92-BF29817DFF70</selectedRDBMSSite>
</relationalModel>