<?xml version = '1.0' encoding = 'UTF-8'?>
<InheritanceRelation class="oracle.dbtools.crest.model.design.logical.InheritanceRelation" name="Hierarchy_4" directorySegmentName="seg_0" id="1EF48EBD-2179-A4CD-0042-3F4F92F2C470">
<createdBy>lilianatapia</createdBy>
<createdTime>2024-09-16 23:41:03 UTC</createdTime>
<ownerDesignName>Exp2_S6_ Liliana_Tapia</ownerDesignName>
<identifying>false</identifying>
<nameOnSource>Super Type</nameOnSource>
<nameOnTarget>Sub Type</nameOnTarget>
<optionalSource>true</optionalSource>
<optionalTarget>true</optionalTarget>
<sourceEntity>596D8B50-6027-9FD6-753A-571F905BA9E7</sourceEntity>
<targetEntity>C5662992-1D81-F3F2-51F5-CD8571A5CF96</targetEntity>
<transferable>true</transferable>
<deleteRule>NO ACTION</deleteRule>
</InheritanceRelation>