<?xml version = '1.0' encoding = 'UTF-8'?>
<Diagram class="oracle.dbtools.crest.swingui.relational.DPVRelational" name="Relational_1" id="1C2D8D5E-B8AD-E1D1-A5A2-A57AB5DF2B56">
<createdBy>lilianatapia</createdBy>
<modifiedBy>lilianatapia</modifiedBy>
<createdTime>2024-09-17 00:04:51 UTC</createdTime>
<autoRoute>false</autoRoute>
<boxInbox>true</boxInbox>
<showLegend>false</showLegend>
<showLabels>false</showLabels>
<showRelAttributes>false</showRelAttributes>
<gridEnabled>false</gridEnabled>
<showGrid>false</showGrid>
<diagramColor>-1</diagramColor>
<display>false</display>
<notation>1</notation>
<objectViews>
<OView class="oracle.dbtools.crest.swingui.relational.TVTable" oid="269828D6-EFD7-CFF6-6853-EA42F82219B4" otype="Table" vid="5F215DA7-809E-D285-2D6C-578BD6B19011">
<hideElementsInCurrentOnly>false</hideElementsInCurrentOnly>
<bounds x="1086" y="395" width="279" height="180"/>
</OView>
<OView class="oracle.dbtools.crest.swingui.relational.TVTable" oid="281C7D8C-2223-D3D6-3DDB-F7B55AD8D820" otype="Table" vid="618CFD2C-E75A-D56A-F61D-118D28E42D55">
<hideElementsInCurrentOnly>false</hideElementsInCurrentOnly>
<bounds x="605" y="73" width="311" height="148"/>
</OView>
<OView class="oracle.dbtools.crest.swingui.relational.TVTable" oid="59F975A9-68A3-C917-D809-45EB4F09A1B2" otype="Table" vid="4A6DD5B0-871A-2251-3EB0-2004A1430A71">
<hideElementsInCurrentOnly>false</hideElementsInCurrentOnly>
<bounds x="158" y="131" width="250" height="169"/>
</OView>
<OView class="oracle.dbtools.crest.swingui.relational.TVTable" oid="77120E32-26BB-16D6-B6A4-FE2C9B502C02" otype="Table" vid="E72532B9-CA4E-B4DE-A9C0-44CD0121A365">
<hideElementsInCurrentOnly>false</hideElementsInCurrentOnly>
<bounds x="1546" y="134" width="230" height="146"/>
</OView>
<OView class="oracle.dbtools.crest.swingui.relational.TVTable" oid="79B845B5-A6B1-D248-0343-2B6F46D87070" otype="Table" vid="5C32093C-77D7-CF7C-1570-04F1FE8E91B1">
<hideElementsInCurrentOnly>false</hideElementsInCurrentOnly>
<bounds x="138" y="437" width="282" height="176"/>
</OView>
<OView class="oracle.dbtools.crest.swingui.relational.TVTable" oid="88849291-A703-84F7-5D3B-BEE04BCA8F89" otype="Table" vid="083939A7-D8E8-76A3-8DA7-D5127C45F9D4">
<hideElementsInCurrentOnly>false</hideElementsInCurrentOnly>
<bounds x="1048" y="106" width="347" height="214"/>
</OView>
<OView class="oracle.dbtools.crest.swingui.relational.TVTable" oid="E3DDBCA8-8348-E8DB-CE9E-B47881CE9919" otype="Table" vid="B3F8B564-0956-56B4-CB90-417BE2D7B9D0">
<hideElementsInCurrentOnly>false</hideElementsInCurrentOnly>
<bounds x="9" y="20" width="435" height="293"/>
</OView>
</objectViews>
<connectors>
<Connector class="oracle.dbtools.crest.swingui.relational.TVFKRelation" oid="049880AF-5139-CD87-B597-61C39B88D173" otype="FKIndexAssociation" vid_source="E72532B9-CA4E-B4DE-A9C0-44CD0121A365" vid_target="083939A7-D8E8-76A3-8DA7-D5127C45F9D4">
<hideElementsInCurrentOnly>false</hideElementsInCurrentOnly>
<backgroundColor>-16777216</backgroundColor>
<lineWidth>1</lineWidth>
<points>
<point x="1546" y="207"/>
<point x="1395" y="207"/>
</points>
</Connector>
<Connector class="oracle.dbtools.crest.swingui.relational.TVFKRelation" oid="08D26EC5-7D1D-77AA-EA14-63E77F3E9817" otype="FKIndexAssociation" vid_source="B3F8B564-0956-56B4-CB90-417BE2D7B9D0" vid_target="618CFD2C-E75A-D56A-F61D-118D28E42D55">
<hideElementsInCurrentOnly>false</hideElementsInCurrentOnly>
<backgroundColor>-16777216</backgroundColor>
<lineWidth>1</lineWidth>
<points>
<point x="444" y="147"/>
<point x="605" y="147"/>
</points>
</Connector>
<Connector class="oracle.dbtools.crest.swingui.relational.TVFKRelation" oid="68FF3E35-0D76-1446-5F9C-90484196BE40" otype="FKIndexAssociation" vid_source="618CFD2C-E75A-D56A-F61D-118D28E42D55" vid_target="083939A7-D8E8-76A3-8DA7-D5127C45F9D4">
<hideElementsInCurrentOnly>false</hideElementsInCurrentOnly>
<backgroundColor>-16777216</backgroundColor>
<lineWidth>1</lineWidth>
<points>
<point x="916" y="178"/>
<point x="1048" y="178"/>
</points>
</Connector>
<Connector class="oracle.dbtools.crest.swingui.relational.TVFKRelation" oid="8CE9E21E-7FF4-6B0A-7975-31CB48A2E691" otype="FKIndexAssociation" vid_source="B3F8B564-0956-56B4-CB90-417BE2D7B9D0" vid_target="5C32093C-77D7-CF7C-1570-04F1FE8E91B1">
<hideElementsInCurrentOnly>false</hideElementsInCurrentOnly>
<backgroundColor>-16777216</backgroundColor>
<lineWidth>1</lineWidth>
<points>
<point x="279" y="313"/>
<point x="279" y="437"/>
</points>
</Connector>
<Connector class="oracle.dbtools.crest.swingui.relational.TVFKRelation" oid="A5BBB576-0AE4-76AE-AAA9-B0A2C88091D1" otype="FKIndexAssociation" vid_source="5F215DA7-809E-D285-2D6C-578BD6B19011" vid_target="083939A7-D8E8-76A3-8DA7-D5127C45F9D4">
<hideElementsInCurrentOnly>false</hideElementsInCurrentOnly>
<backgroundColor>-16777216</backgroundColor>
<lineWidth>1</lineWidth>
<points>
<point x="1225" y="395"/>
<point x="1225" y="320"/>
</points>
</Connector>
<Connector class="oracle.dbtools.crest.swingui.relational.TVFKRelation" oid="CADDBBD5-C080-D61A-8B89-1F0A16B305D5" otype="FKIndexAssociation" vid_source="B3F8B564-0956-56B4-CB90-417BE2D7B9D0" vid_target="4A6DD5B0-871A-2251-3EB0-2004A1430A71">
<hideElementsInCurrentOnly>false</hideElementsInCurrentOnly>
<backgroundColor>-16777216</backgroundColor>
<lineWidth>1</lineWidth>
<points>
<point x="444" y="215"/>
<point x="158" y="215"/>
</points>
</Connector>
</connectors>
</Diagram>